Region,Soil_Type,Crop,Rainfall_mm,Temperature_Celsius,Fertilizer_Used,Irrigation_Used,Weather_Condition,Days_to_Harvest,Yield_tons_per_hectare
West,Sandy,Cotton,897.0772391101236,27.676966373377603,FALSE,TRUE,Cloudy,122,6.555816258223593
South,Clay,Rice,992.6732816189208,18.02614225436302,TRUE,TRUE,Rainy,140,8.527340906
North,Loam,Barley,147.9980252926104,29.79404241557257,FALSE,FALSE,Sunny,106,1.127443335982929
North,Sandy,Soybean,986.8663313367325,16.64419019137728,FALSE,TRUE,Rainy,146,6.517572507555278
South,Silt,Wheat,730.3791744,31.620687370805797,TRUE,TRUE,Cloudy,110,7.248251218445701
South,Silt,Soybean,797.4711823962564,37.70497446941277,FALSE,TRUE,Rainy,74,5.898416311841461
West,Clay,Wheat,357.90235724297685,31.59343138976995,FALSE,FALSE,Rainy,90,2.652391664619867
South,Sandy,Rice,441.13115357285005,30.88710699523619,TRUE,TRUE,Sunny,61,5.8295423488104605
North,Silt,Wheat,181.5878606243205,26.752728580811905,TRUE,FALSE,Sunny,127,2.9437164569313867
West,Sandy,Wheat,395.0489682684721,17.646198956255336,FALSE,TRUE,Rainy,140,3.7072931271974823
North,Peaty,Wheat,385.13531445805074,21.656191734884608,FALSE,FALSE,Sunny,73,2.564442460083202
East,Sandy,Cotton,145.3006808203336,19.755534985496798,TRUE,TRUE,Cloudy,141,4.367612094467675
South,Peaty,Cotton,607.1502520374111,15.562163303832799,TRUE,TRUE,Sunny,136,6.52518616
East,Clay,Barley,929.1237352255479,29.677303136616587,FALSE,TRUE,Rainy,134,6.493030751726615
North,Peaty,Barley,621.7783877484308,26.84317297586692,TRUE,FALSE,Rainy,77,4.573219247646045
East,Chalky,Rice,874.4567441463316,27.25686895920963,TRUE,FALSE,Sunny,115,5.839291310818685
East,Peaty,Wheat,787.0843057303451,25.67291966184147,FALSE,FALSE,Cloudy,68,4.366880610019926
North,Clay,Cotton,416.89863161137146,23.190810033747198,TRUE,TRUE,Sunny,95,4.858924380158361
North,Sandy,Barley,977.2590830506161,17.604099566685584,FALSE,TRUE,Sunny,93,5.778099045403636
South,Clay,Maize,888.2076302639031,39.94550938125255,TRUE,FALSE,Rainy,76,7.173036676685684
East,Clay,Cotton,990.2674389917205,24.072051874161374,FALSE,TRUE,Sunny,110,6.187396154053483
West,Loam,Barley,183.93969838148877,34.227923053913315,TRUE,FALSE,Cloudy,99,3.0179236315177227
West,Clay,Rice,935.8027653422682,20.887774247994052,TRUE,TRUE,Rainy,71,7.756962285193038
North,Loam,Wheat,824.4399398812649,29.847431986455224,FALSE,FALSE,Sunny,100,4.551048007491094
North,Peaty,Cotton,480.3051867874565,35.461985559261684,FALSE,FALSE,Rainy,121,2.9393379280368523
East,Chalky,Maize,170.81445624277274,29.11637667829559,FALSE,TRUE,Sunny,133,2.332254903516705
North,Clay,Wheat,615.3492037342064,27.75563189979995,TRUE,FALSE,Rainy,142,4.876587312241911
West,Silt,Barley,334.7285762625228,31.13704657931946,TRUE,TRUE,Sunny,140,4.459294446958366
South,Silt,Maize,259.4181250519924,17.261892464157807,FALSE,FALSE,Sunny,110,2.338540521338672
South,Loam,Wheat,786.7701030524628,23.199371365983666,TRUE,TRUE,Rainy,123,6.9375893499971095
East,Silt,Maize,609.7987642233954,38.26585114142303,TRUE,FALSE,Cloudy,127,5.113587741208609
South,Silt,Rice,476.68277886205095,29.34104312112291,TRUE,TRUE,Sunny,67,6.407034488837372
North,Clay,Wheat,356.8231001143165,36.57779720106093,TRUE,FALSE,Cloudy,130,4.007912822234725
North,Loam,Soybean,600.1997541490214,20.935360153951528,TRUE,FALSE,Sunny,75,4.8981807530789006
North,Loam,Rice,180.72037671705868,18.21203323282703,FALSE,FALSE,Rainy,83,0.801898157
North,Sandy,Barley,475.78193494832936,22.946253681778643,FALSE,FALSE,Rainy,94,3.607496381
East,Clay,Maize,599.8754926988229,19.909292317255968,TRUE,FALSE,Cloudy,63,4.696425465494829
South,Peaty,Cotton,492.56338646920534,17.209150312263063,FALSE,TRUE,Cloudy,86,5.627777991282995
West,Silt,Cotton,841.5627150827225,17.57187666838594,TRUE,TRUE,Sunny,98,6.748042937340077
South,Clay,Barley,808.9816112885374,36.13054343,TRUE,FALSE,Cloudy,66,6.314786277670487
North,Peaty,Barley,138.93849980414697,31.611164168102775,TRUE,FALSE,Cloudy,139,2.368321659427831
West,Peaty,Rice,805.7012029613688,29.20012383388304,TRUE,FALSE,Sunny,145,6.344585380975803
East,Peaty,Rice,634.1900145516411,38.45166407018408,FALSE,FALSE,Sunny,127,4.166930901616587
North,Silt,Wheat,167.40435613392367,28.108389185504336,FALSE,TRUE,Rainy,148,2.968063048284602
North,Chalky,Cotton,396.9834216145337,35.0006104,FALSE,TRUE,Sunny,132,4.237604655918217
West,Silt,Wheat,680.1422118634024,34.484256729865244,TRUE,FALSE,Rainy,109,5.984756043683213
East,Peaty,Barley,844.7742638964439,30.49371559645315,FALSE,TRUE,Rainy,142,5.681246361925467
West,Clay,Rice,801.9406398,28.762221596760426,FALSE,TRUE,Sunny,124,5.349548891182629
East,Loam,Maize,695.2084130325485,23.73628527,TRUE,FALSE,Cloudy,139,5.901756682022855
North,Sandy,Cotton,802.6352974,35.41284589650189,TRUE,FALSE,Sunny,82,6.654949453589528
South,Peaty,Rice,378.55203955892165,38.14194758,TRUE,FALSE,Cloudy,64,4.663436153871903
North,Clay,Maize,318.0130097637518,37.382964910798805,FALSE,TRUE,Rainy,121,4.127029291080366
South,Loam,Cotton,652.3472832888563,39.155696299392915,FALSE,TRUE,Rainy,76,5.493174197256744
South,Clay,Barley,765.6877926953334,26.565087173213215,FALSE,FALSE,Sunny,98,4.762386743016942
East,Loam,Cotton,617.9323190365014,15.908074480173482,FALSE,FALSE,Sunny,96,3.9684810435131146
West,Sandy,Maize,224.06871158323946,38.18668320627591,FALSE,TRUE,Rainy,132,2.4907765498564074
East,Silt,Rice,896.1353251213486,30.202110881696278,FALSE,TRUE,Sunny,131,6.345791481787574
North,Sandy,Wheat,435.2542292911728,25.496306246026577,FALSE,TRUE,Sunny,74,3.190074146074221
West,Sandy,Soybean,408.2193119705922,21.85221468577612,FALSE,TRUE,Cloudy,133,4.881093691938867
South,Chalky,Wheat,960.7875535025905,15.487044978109699,FALSE,TRUE,Rainy,132,6.4119307400345535
South,Loam,Rice,965.5279313096391,19.58387748294684,FALSE,TRUE,Rainy,92,5.818199696637551
North,Clay,Maize,348.13101754208856,37.17467500872016,TRUE,TRUE,Cloudy,148,5.020292174632507
West,Loam,Wheat,624.7140208553816,29.02005232011186,TRUE,TRUE,Cloudy,145,6.800510487395679
North,Sandy,Maize,191.11808349182186,19.549061846972634,TRUE,FALSE,Cloudy,75,2.132985549733208
North,Peaty,Cotton,262.95024733784055,36.937584088185275,FALSE,TRUE,Sunny,142,3.052371341214685
East,Peaty,Wheat,724.2630195642445,27.947083062209614,FALSE,TRUE,Cloudy,126,5.762063329946928
North,Chalky,Soybean,997.4083972607065,16.18883857438395,TRUE,FALSE,Sunny,139,7.5411106054263195
West,Chalky,Maize,932.5674367205779,38.301789131366895,TRUE,FALSE,Rainy,61,5.977477297025197
North,Clay,Rice,504.3644611205059,28.89317987,FALSE,TRUE,Cloudy,118,5.074729825286107
West,Silt,Rice,124.46979663882954,20.630524748852963,FALSE,FALSE,Sunny,72,0.8055127485454606
South,Clay,Maize,977.6217480054759,23.76682166723735,TRUE,TRUE,Sunny,66,7.811581439707798
North,Peaty,Rice,588.3827165243894,26.17204270923437,FALSE,TRUE,Sunny,70,5.2361270917402605
West,Sandy,Soybean,758.6771872,34.31660367284985,FALSE,FALSE,Rainy,138,4.196022780456284
South,Clay,Soybean,601.4213462630286,30.234395578203966,TRUE,TRUE,Sunny,80,6.383980843258807
West,Chalky,Maize,257.0681167082623,18.541409937935235,TRUE,FALSE,Rainy,103,3.3194740667628113
South,Chalky,Wheat,153.68873577260524,25.961829235218627,TRUE,TRUE,Rainy,60,3.306620713642445
East,Clay,Cotton,620.6111220711065,29.61727420486674,TRUE,TRUE,Cloudy,108,6.480058976271948
North,Peaty,Soybean,928.1585500654388,35.36808678386224,FALSE,TRUE,Rainy,137,6.563130380688129
North,Loam,Wheat,405.7389043297623,17.46057976749297,TRUE,FALSE,Rainy,145,4.263799479415195
South,Peaty,Wheat,252.82362402974584,17.146998004246033,FALSE,FALSE,Sunny,76,0.616611523
East,Peaty,Cotton,325.22183462237115,24.87562645902375,TRUE,TRUE,Cloudy,111,5.420033155713635
West,Silt,Rice,623.7363082349943,23.31057588120597,FALSE,TRUE,Sunny,83,4.981891151702988
East,Sandy,Soybean,462.3743179998802,25.774526263675952,FALSE,TRUE,Rainy,147,4.604917892753788
West,Silt,Maize,903.7819487739727,20.596565059497003,FALSE,FALSE,Cloudy,128,5.8466817981585955
West,Clay,Barley,175.03865156139113,23.827452933829964,TRUE,TRUE,Sunny,89,3.134432137244385
North,Sandy,Soybean,469.6878461304336,24.262887199563288,FALSE,TRUE,Cloudy,146,5.0959325652754615
South,Peaty,Barley,300.31415721052156,17.577818192303237,FALSE,TRUE,Sunny,125,1.755992514630218
North,Loam,Barley,254.96768362509766,27.06616028052614,TRUE,TRUE,Sunny,62,5.598945216845242
North,Sandy,Rice,352.9073701559271,19.17940395988347,TRUE,FALSE,Sunny,145,3.6196248222872853
North,Silt,Wheat,154.85236870216494,36.826930358067266,FALSE,TRUE,Rainy,90,3.1455141103205566
West,Chalky,Barley,806.5720294863848,20.81661267684995,FALSE,TRUE,Cloudy,96,5.653412008
North,Clay,Wheat,153.01680340857266,26.796966973791022,FALSE,FALSE,Rainy,69,1.2245024308383687
West,Clay,Barley,309.26730496813536,27.083934921161003,TRUE,TRUE,Cloudy,88,5.578499499693215
South,Sandy,Soybean,115.96976186633941,15.11048628792343,TRUE,FALSE,Cloudy,102,2.3327625462012835
West,Loam,Wheat,569.9408717284921,27.556678336356924,FALSE,TRUE,Sunny,124,4.240602465331724
West,Sandy,Maize,874.9747777488744,33.224869255647235,TRUE,TRUE,Sunny,132,7.657631965351055
East,Loam,Wheat,768.7936109411228,30.91000164179674,FALSE,FALSE,Cloudy,89,4.562419624250096
North,Loam,Wheat,564.0187603005688,39.56973317331324,FALSE,FALSE,Cloudy,149,4.026689434807731
North,Sandy,Maize,432.40275278919336,26.293218128333628,TRUE,FALSE,Cloudy,78,3.631689270841691
North,Sandy,Maize,607.0083551,35.30531204105751,FALSE,FALSE,Rainy,73,3.6265013418611525
North,Peaty,Rice,876.1770056366005,20.89020222833416,TRUE,FALSE,Sunny,148,5.934911999091516
East,Peaty,Soybean,759.4729270940583,25.208650688301052,FALSE,TRUE,Sunny,61,4.836727028690368
East,Silt,Maize,207.92567070461195,34.01824557355419,FALSE,TRUE,Cloudy,145,3.0017589945357703
East,Loam,Rice,153.92772057286913,27.111641002476887,TRUE,TRUE,Sunny,149,3.5132203547282383
East,Chalky,Wheat,293.3722634889486,16.81147058709652,TRUE,FALSE,Sunny,123,3.4825365960718315
North,Peaty,Maize,532.7259782273959,39.492362,FALSE,FALSE,Rainy,96,3.517322553103296
West,Chalky,Maize,457.9632768343624,26.39824880723853,TRUE,TRUE,Sunny,109,5.168214961526443
South,Clay,Cotton,544.4364898321321,31.79751229,FALSE,FALSE,Rainy,70,2.9941909465975343
East,Chalky,Barley,604.5851305837389,36.91617628,TRUE,FALSE,Sunny,131,5.54609658
West,Clay,Wheat,133.18934108750224,27.798400981088488,TRUE,FALSE,Rainy,147,2.465217641351687
East,Peaty,Soybean,600.2835699652597,39.67114581119321,FALSE,TRUE,Sunny,125,4.6314293773757536
North,Clay,Soybean,408.67919180495426,31.61257335,FALSE,FALSE,Rainy,95,3.050042091014011
North,Loam,Wheat,769.7255412454226,24.89414113805054,TRUE,FALSE,Cloudy,111,6.1174877
West,Silt,Rice,992.5621553,36.14068671568178,FALSE,TRUE,Sunny,83,7.414459290958982
West,Sandy,Cotton,937.3220437,26.211355128514597,TRUE,TRUE,Cloudy,67,7.6623720898050935
West,Chalky,Wheat,438.38099483140263,28.878873050812967,TRUE,TRUE,Sunny,114,5.303775382196228
North,Clay,Barley,613.5724767496267,17.799164621808846,FALSE,FALSE,Cloudy,90,3.684148244905824
North,Peaty,Barley,783.1492074621247,25.00899116264528,FALSE,FALSE,Cloudy,68,4.806494805842171
South,Loam,Rice,965.0346663989204,29.708963319375414,TRUE,FALSE,Cloudy,74,5.727636881659167
West,Silt,Rice,650.2113040236367,21.363751842497766,TRUE,FALSE,Sunny,82,4.746040737149604
South,Chalky,Barley,266.0016256702375,15.384298937298558,FALSE,FALSE,Cloudy,106,2.374553079794996
East,Peaty,Maize,825.8191756,33.66496049755402,FALSE,TRUE,Cloudy,116,6.732700266401128
South,Sandy,Maize,858.4998401,23.359442868905578,FALSE,FALSE,Sunny,136,3.953928978100549
East,Loam,Soybean,269.2364778429136,26.238798762738547,TRUE,FALSE,Rainy,95,3.6087628067211246
East,Chalky,Maize,861.7907436699902,19.944298225052897,TRUE,TRUE,Cloudy,134,7.696239337215915
South,Silt,Maize,590.0059679732683,18.316983091854596,TRUE,TRUE,Sunny,74,5.471494658092411
West,Silt,Barley,947.867478,21.473183991661816,TRUE,TRUE,Cloudy,65,8.503708245
East,Silt,Soybean,633.4764318723326,32.35147777421278,TRUE,TRUE,Sunny,109,7.414892517219643
West,Silt,Maize,946.6788965907892,35.044691117409336,FALSE,TRUE,Sunny,74,7.306644783969803
North,Clay,Wheat,849.2031918,15.307130937996686,FALSE,FALSE,Rainy,96,4.5934090460346875
East,Clay,Soybean,731.1846783160428,31.728123933303795,TRUE,FALSE,Cloudy,94,6.209837982907878
North,Chalky,Soybean,805.3101629402616,38.18831315875635,TRUE,TRUE,Cloudy,123,6.708867730014971
South,Chalky,Wheat,712.2092165297581,25.619381310026654,FALSE,FALSE,Cloudy,134,3.371810839881876
West,Silt,Barley,811.6552749335293,19.781235227536285,TRUE,FALSE,Cloudy,114,5.326367101337655
South,Sandy,Barley,838.8717355218207,21.335659566238427,TRUE,FALSE,Rainy,109,5.617218386008211
East,Peaty,Rice,158.63462988945992,36.610732141006906,TRUE,TRUE,Cloudy,99,4.935669712741307
North,Clay,Barley,135.01775942311778,24.28726988642773,FALSE,FALSE,Sunny,109,1.8759275154982953
East,Sandy,Maize,321.3157765522731,33.788883990324194,FALSE,FALSE,Sunny,126,2.180200453
South,Chalky,Cotton,839.9070347516832,29.181282392149253,FALSE,FALSE,Cloudy,66,4.565680055503216
West,Peaty,Maize,563.8130192204469,33.53199115575175,TRUE,FALSE,Sunny,65,4.082637517
West,Loam,Soybean,444.4091391974417,26.672587305993346,TRUE,TRUE,Sunny,131,5.933361634611214
East,Silt,Barley,391.6132743204191,19.05013945919007,TRUE,TRUE,Rainy,88,5.745190905212354
East,Silt,Cotton,453.56617573140375,33.67200645474874,TRUE,TRUE,Cloudy,125,5.879831820738346
North,Chalky,Wheat,994.1766654262018,39.90684890934942,FALSE,FALSE,Sunny,96,6.261172496427058
South,Loam,Cotton,142.1800403583474,15.683907509076326,FALSE,FALSE,Cloudy,136,0.9621414395651253
East,Loam,Cotton,327.9157865258022,23.472469998641543,FALSE,FALSE,Sunny,138,2.529802608255198
North,Clay,Wheat,529.2489666,23.776282380808894,FALSE,TRUE,Rainy,146,3.8281463095775443
East,Peaty,Barley,291.2199487707684,38.117964790239014,TRUE,TRUE,Cloudy,76,5.450322149782141
West,Silt,Soybean,851.2003411214756,29.53903432438593,FALSE,FALSE,Sunny,103,4.802372767108353
North,Chalky,Barley,502.7918059400757,29.529054515551316,TRUE,TRUE,Cloudy,146,5.376372194096083
North,Silt,Barley,351.5959990489649,29.35629879062231,TRUE,FALSE,Cloudy,71,4.205169079363167
East,Sandy,Rice,863.7539839460079,22.081086898033522,TRUE,TRUE,Cloudy,63,8.153903513530283
South,Clay,Rice,165.96245086282886,18.932903051084622,TRUE,TRUE,Sunny,66,3.8647333932265076
West,Peaty,Cotton,757.5746563241985,31.832866121995373,FALSE,TRUE,Rainy,75,5.8624902425538705
South,Loam,Cotton,275.02738105583364,38.867157700246615,TRUE,FALSE,Rainy,103,3.486220783396076
North,Chalky,Cotton,194.2144100973701,36.775438917390474,FALSE,TRUE,Cloudy,147,2.7790766453444284
South,Chalky,Wheat,540.5550043933763,22.87657200667575,TRUE,FALSE,Cloudy,146,4.503199972399073
North,Peaty,Cotton,774.2851873438607,17.421700407495354,FALSE,FALSE,Sunny,136,4.1726438924830465
South,Loam,Wheat,481.48001937761677,19.74381695141215,TRUE,FALSE,Rainy,103,4.003218037
East,Loam,Wheat,885.4575688971199,34.17791721704605,TRUE,FALSE,Cloudy,131,7.234193608082867
South,Loam,Barley,419.08957844331644,25.376664170873266,TRUE,FALSE,Rainy,87,4.359173152467488
North,Peaty,Soybean,745.1541719917323,28.868123724998917,TRUE,TRUE,Sunny,110,7.475424660574625
West,Chalky,Maize,613.9858958625132,33.18955469815993,FALSE,TRUE,Sunny,107,5.316916368130786
West,Loam,Soybean,425.5755659256167,16.66543160129027,FALSE,TRUE,Sunny,69,3.5919132783667287
West,Sandy,Soybean,867.6209554387852,15.949682563161094,TRUE,FALSE,Cloudy,119,5.612783641100248
North,Clay,Barley,699.2670890862055,29.687630741259007,FALSE,TRUE,Cloudy,107,4.971329826372705
South,Silt,Barley,906.3365437457768,33.20784126030695,TRUE,FALSE,Cloudy,108,6.845069977651553
West,Peaty,Wheat,352.1426627187026,36.306351861877886,TRUE,FALSE,Sunny,61,4.047509749171652
West,Sandy,Cotton,230.32485951923056,38.42474953048567,TRUE,TRUE,Rainy,76,4.233171914
West,Chalky,Cotton,860.828087,29.345519233470846,FALSE,FALSE,Rainy,138,5.273926629818289
East,Peaty,Soybean,367.6189356203795,19.447907742469383,TRUE,TRUE,Rainy,84,5.1237907934246065
North,Chalky,Soybean,696.3488050739106,19.20383781884265,FALSE,TRUE,Sunny,146,4.703738326019638
North,Chalky,Wheat,575.2878552416973,23.23553935897195,TRUE,FALSE,Cloudy,67,5.058686788669524
North,Chalky,Maize,897.1034541643243,27.772018048669224,FALSE,FALSE,Sunny,84,5.094292734277768
North,Clay,Soybean,272.0505746064583,35.03691355050677,TRUE,TRUE,Rainy,118,4.641245126468933
North,Loam,Maize,422.5942269545716,27.796417951732106,TRUE,FALSE,Rainy,83,4.107177643696395
East,Peaty,Barley,770.1576218,27.714330687598412,FALSE,TRUE,Rainy,99,5.250441162985812
South,Silt,Barley,843.5080748699821,34.081509145659645,FALSE,FALSE,Sunny,138,4.453443420067245
East,Peaty,Maize,445.0093806819316,39.676940376667574,FALSE,FALSE,Cloudy,105,2.7787461908261446
West,Peaty,Rice,396.61240763345853,25.55290754596428,FALSE,FALSE,Cloudy,127,2.248345811891901
East,Peaty,Wheat,419.65246624579135,19.112186738441313,TRUE,TRUE,Sunny,69,5.387089195871336
North,Peaty,Wheat,280.8603733963126,25.77595228116094,FALSE,FALSE,Sunny,65,2.0580945722412043
East,Silt,Barley,201.76603956926618,34.91045218,FALSE,TRUE,Cloudy,99,3.0783616285893456
North,Loam,Rice,693.8977748275275,28.13080174274797,TRUE,TRUE,Cloudy,146,6.863986846025122
East,Sandy,Barley,487.4796251,29.458330373390254,TRUE,FALSE,Sunny,144,3.0341547640805295
North,Chalky,Cotton,908.6074198,34.094697006755624,FALSE,FALSE,Sunny,78,4.636439152289098
West,Clay,Wheat,107.55870219265138,27.429970341193737,FALSE,FALSE,Sunny,138,1.1510530575473923
North,Loam,Barley,200.64540171152913,24.99752958176161,TRUE,FALSE,Sunny,116,3.054292762064529
East,Silt,Maize,610.2624745,37.31458936147869,TRUE,TRUE,Sunny,95,6.737278095
West,Loam,Barley,419.32194682807454,20.467182844961282,TRUE,FALSE,Sunny,97,3.603087145868196
East,Silt,Maize,900.3110977,33.87532257,TRUE,TRUE,Sunny,86,8.114759984
West,Clay,Soybean,900.7338409463998,32.53272623976288,FALSE,TRUE,Rainy,111,6.425243097076081
South,Silt,Maize,467.54496187911474,19.329411839110477,FALSE,TRUE,Sunny,113,3.3904243509218652
South,Loam,Soybean,876.7465423639353,16.67659970471347,TRUE,FALSE,Rainy,147,6.042947463250393
South,Sandy,Maize,716.3336741467552,21.968983750664737,TRUE,TRUE,Cloudy,100,6.785676344177504
East,Loam,Cotton,472.20797114724166,35.49372701564785,TRUE,FALSE,Cloudy,86,3.462109463253813
East,Clay,Barley,459.36990166801934,18.612761167679356,FALSE,FALSE,Cloudy,143,2.5492481358463364
West,Chalky,Maize,417.7844832575554,36.96239250322841,TRUE,FALSE,Rainy,137,4.506707799222457
West,Silt,Cotton,328.6553855918476,37.708164827521585,TRUE,FALSE,Cloudy,71,2.9955765256653155
West,Silt,Rice,613.3057933506406,28.605577750723757,TRUE,FALSE,Sunny,105,4.674308895478312
West,Peaty,Cotton,600.5133541292066,34.06403926990752,TRUE,TRUE,Cloudy,61,5.8337240430175585
North,Loam,Maize,734.9436400821693,17.78008483900026,TRUE,FALSE,Sunny,132,4.823147341711649
South,Peaty,Rice,469.2216028373713,17.828777485693973,TRUE,TRUE,Cloudy,99,4.453816572419525
North,Peaty,Maize,866.1939010074897,37.32512898,TRUE,FALSE,Cloudy,111,5.782292119194109
North,Loam,Cotton,655.1526983399793,28.955493927764813,FALSE,FALSE,Cloudy,114,4.065556122860476
North,Chalky,Soybean,835.0323108230106,32.78484151543108,FALSE,FALSE,Rainy,117,5.0008294985342765
North,Loam,Rice,524.9867222002083,22.259500409624543,TRUE,TRUE,Sunny,107,5.160104636030162
South,Peaty,Rice,168.48329965242547,17.98558074916758,TRUE,FALSE,Rainy,60,2.559596230102643
North,Chalky,Cotton,955.2364829553062,28.20614748908111,TRUE,FALSE,Sunny,80,6.363851004731018
West,Silt,Wheat,754.7912939678873,29.46051237397232,FALSE,FALSE,Rainy,98,3.932438351274525
East,Sandy,Rice,331.93669664221557,28.890857671269423,FALSE,TRUE,Cloudy,71,3.8273787163307866
West,Loam,Wheat,957.3445031914999,19.52483090679436,TRUE,TRUE,Rainy,63,7.980998252041428
East,Loam,Cotton,583.1918987432423,25.10666315959981,FALSE,TRUE,Rainy,113,4.4990575649868525
West,Sandy,Wheat,258.94588015412216,31.200860522629473,FALSE,FALSE,Sunny,67,1.7583348752824695
West,Loam,Soybean,441.4867638870748,18.152518806177135,TRUE,FALSE,Rainy,76,3.7542764377324396
East,Silt,Barley,635.6325489505831,28.41228085385145,FALSE,FALSE,Cloudy,90,4.642737931644905
South,Sandy,Barley,686.2816629510626,31.938463417750334,FALSE,TRUE,Cloudy,83,4.7346596833487045
North,Peaty,Maize,365.14924537064195,32.253781815909605,TRUE,TRUE,Cloudy,127,4.138587417183586
West,Sandy,Rice,638.5281344549272,38.928716412217625,FALSE,TRUE,Cloudy,87,4.605927267636774
South,Peaty,Soybean,166.90167875364614,23.065724056899008,FALSE,FALSE,Sunny,77,1.323224297432595
North,Silt,Maize,482.8455054880963,22.001793523183665,FALSE,FALSE,Sunny,93,2.768247045666352
South,Clay,Wheat,531.2565045225524,32.618036567528506,FALSE,FALSE,Cloudy,134,2.847506313893913
South,Peaty,Cotton,398.80052119154936,37.33910578249712,FALSE,FALSE,Rainy,131,2.3835564588398848
North,Sandy,Rice,550.0733488691128,15.543398614722362,TRUE,FALSE,Rainy,95,4.268646789
West,Loam,Rice,714.3206178798528,19.330080642213062,FALSE,TRUE,Sunny,87,6.310833680672841
South,Loam,Rice,228.62014897981678,36.030574515746665,TRUE,TRUE,Sunny,124,4.250598832808917
West,Peaty,Soybean,811.1578039635526,19.94653468524431,TRUE,TRUE,Cloudy,116,7.138815424515787
West,Peaty,Maize,546.4365753422634,37.536678777351895,TRUE,TRUE,Rainy,74,6.716028784118654
West,Sandy,Maize,629.9654839,17.912675687270223,TRUE,FALSE,Sunny,140,5.343244276721668
North,Silt,Soybean,415.96237526198667,23.796218851378214,FALSE,TRUE,Sunny,89,4.084015431214836
East,Clay,Soybean,827.9776180165554,23.758799592645254,TRUE,FALSE,Rainy,105,6.233795656287521
West,Loam,Barley,104.2084861,15.066434440519908,TRUE,TRUE,Cloudy,77,3.6958618266102192
East,Chalky,Soybean,106.9572450670046,28.581413251293778,FALSE,TRUE,Cloudy,79,1.7568555353575808
East,Loam,Cotton,928.7468116741978,17.540813437350224,FALSE,TRUE,Sunny,140,6.558437414810463
South,Silt,Soybean,710.3668630922066,20.287064514658248,FALSE,TRUE,Sunny,149,5.784365387588684
West,Loam,Wheat,857.8176182367235,34.83133560701836,FALSE,TRUE,Sunny,132,6.505786412603402
West,Sandy,Rice,869.6880074566755,37.803208128484954,TRUE,FALSE,Cloudy,65,6.755905914397429
West,Clay,Wheat,137.24977526449493,39.114892930854495,TRUE,TRUE,Rainy,68,4.782388619133844
East,Chalky,Cotton,909.4623264561569,31.409367908719613,TRUE,TRUE,Cloudy,108,7.781977055
North,Clay,Rice,108.24085954272672,39.98870350427095,FALSE,FALSE,Rainy,141,1.9787821437430473
East,Chalky,Rice,489.67767561298535,28.494863696325776,FALSE,FALSE,Cloudy,95,2.905430441842099
West,Chalky,Maize,348.3353963236686,37.747677354149204,FALSE,TRUE,Rainy,107,4.078291721443746
West,Silt,Maize,357.48494349707875,18.723239160462764,TRUE,FALSE,Cloudy,138,4.3320452245701215
West,Silt,Rice,628.8669794448854,34.66890884811151,TRUE,TRUE,Sunny,75,6.506470857274588
East,Loam,Wheat,382.6307212661653,27.86168412974995,TRUE,FALSE,Cloudy,90,4.296049273359365
West,Silt,Wheat,236.98538926179944,30.057479610382906,TRUE,TRUE,Cloudy,145,4.803667492853199
South,Loam,Rice,908.6247199767845,29.720935528561274,FALSE,TRUE,Cloudy,86,6.012473447911335
West,Chalky,Maize,783.0419236929163,36.90043456374461,FALSE,TRUE,Rainy,92,6.811405200407454
North,Chalky,Soybean,336.09243723225933,24.187650211089004,FALSE,FALSE,Cloudy,117,2.3455671894578063
South,Clay,Barley,598.3412009905626,30.58842992454228,TRUE,TRUE,Cloudy,117,6.432433542528052
West,Silt,Cotton,706.8403557024546,28.813420046003458,FALSE,TRUE,Sunny,74,6.342770793152876
South,Silt,Barley,979.4557988916096,16.638533782894832,FALSE,FALSE,Cloudy,149,4.990472748767413
West,Silt,Maize,356.91078044987313,37.70027735037666,FALSE,TRUE,Sunny,93,4.374589647932705
North,Silt,Soybean,893.2481292404913,15.323947263037319,FALSE,FALSE,Rainy,101,4.185116691514056
West,Silt,Wheat,637.9550415164136,36.533234327046564,TRUE,TRUE,Cloudy,139,6.9795390776469795
South,Sandy,Cotton,250.55746244447295,29.90508094234891,TRUE,TRUE,Sunny,135,3.8003369433081593
North,Loam,Rice,513.4312494,27.564356485755162,TRUE,FALSE,Rainy,98,4.764588981992687
East,Loam,Soybean,287.5030289,16.312973862005535,FALSE,TRUE,Rainy,65,2.850462287656792
North,Chalky,Wheat,114.56513143996261,20.79183444619913,TRUE,TRUE,Rainy,68,4.110830737584177
North,Clay,Cotton,723.5175938283618,15.157766576182905,TRUE,FALSE,Rainy,149,6.0740673518660575
North,Peaty,Rice,946.3750168201086,21.31203329769967,TRUE,FALSE,Cloudy,131,5.543451810715958
South,Sandy,Rice,196.6101639086234,36.49820155111968,FALSE,FALSE,Cloudy,77,1.2430072964889902
North,Peaty,Maize,304.9163722862066,38.50531242,TRUE,FALSE,Cloudy,126,3.979901226
West,Loam,Rice,649.3404973447468,38.693875246608435,FALSE,TRUE,Cloudy,73,5.7269896259507975
North,Chalky,Maize,646.9853458470058,31.22130349,FALSE,FALSE,Cloudy,61,3.6749291009237104
North,Clay,Wheat,358.6172215503248,18.79298916388456,TRUE,FALSE,Rainy,76,3.498599967980347
West,Sandy,Soybean,940.5086294038097,21.92645379831218,FALSE,TRUE,Cloudy,80,6.356939522140019
West,Chalky,Wheat,785.4581326233083,33.83380794628356,FALSE,TRUE,Rainy,109,6.447866685077572
East,Sandy,Barley,904.5084595452252,39.24377966,TRUE,TRUE,Sunny,64,8.209796225267308
North,Loam,Rice,343.0011006270364,16.302348932467087,FALSE,TRUE,Sunny,95,2.5559804410751683
South,Silt,Cotton,146.78471449877478,32.939504161386665,TRUE,FALSE,Cloudy,146,2.6954189027099322
North,Peaty,Wheat,170.19313043735582,17.870306867393456,FALSE,TRUE,Cloudy,146,2.7276966351212657
North,Loam,Rice,667.7416141558951,25.86223197735501,TRUE,FALSE,Rainy,103,5.103637170793539
West,Silt,Barley,258.34651478060357,33.09557268506572,FALSE,FALSE,Sunny,123,2.6681276609566993
East,Loam,Maize,492.6380552984028,35.77617859058961,TRUE,TRUE,Sunny,105,5.767022595469762
North,Sandy,Rice,130.5032577056373,26.571145807796384,FALSE,FALSE,Rainy,109,1.544694343566377
South,Loam,Rice,798.5162746085591,31.740233255109306,TRUE,FALSE,Rainy,138,6.714573745067655
North,Clay,Soybean,783.9345941012594,27.50869610818272,FALSE,TRUE,Cloudy,130,5.395438777
South,Sandy,Cotton,609.9458087555112,17.76890369077531,FALSE,FALSE,Sunny,67,3.975883656026794
West,Peaty,Maize,356.8611001303277,24.012357222133513,TRUE,TRUE,Cloudy,86,4.678449651433357
East,Loam,Barley,466.0562759234755,29.55821561843998,TRUE,FALSE,Sunny,139,4.482054547651228
North,Silt,Rice,917.5202949,28.39435879898633,FALSE,TRUE,Cloudy,63,6.532143944960887
East,Silt,Rice,503.8708158275209,23.427282555973818,FALSE,FALSE,Sunny,62,3.196079720673226
North,Peaty,Rice,549.6942453864369,18.249584732867795,TRUE,TRUE,Sunny,107,6.067369502552855
South,Silt,Soybean,525.5906600774938,31.761948186272072,FALSE,TRUE,Cloudy,105,4.410918708813558
East,Sandy,Soybean,404.17453886135183,32.22615811513977,FALSE,TRUE,Sunny,100,3.5952278177139534
North,Clay,Soybean,370.34590589969605,16.79835797649238,TRUE,FALSE,Cloudy,117,3.3020495150216886
West,Peaty,Maize,930.8668269,38.060381849403015,TRUE,TRUE,Rainy,61,7.432946373587882
South,Sandy,Soybean,683.6850774,15.547310635461736,FALSE,FALSE,Cloudy,143,4.114077836321847
East,Loam,Soybean,574.3334366022871,18.668391772884625,TRUE,FALSE,Sunny,140,3.683715728546206
North,Silt,Wheat,778.2895563105877,26.29805673993473,TRUE,TRUE,Cloudy,131,8.869623459965766
East,Loam,Cotton,259.39356374747763,27.61689163654413,TRUE,FALSE,Sunny,91,2.860960832655513
North,Sandy,Cotton,504.6403234652408,24.545149086191067,FALSE,FALSE,Rainy,86,3.514597289594972
South,Sandy,Rice,168.09220567476046,16.401474200130043,FALSE,TRUE,Sunny,110,2.071648211
West,Clay,Cotton,464.1566981036058,35.30788239679855,FALSE,TRUE,Cloudy,127,4.8319380828969996
South,Sandy,Maize,516.9707883324564,17.450038050513594,FALSE,TRUE,Sunny,120,4.487272241390366
East,Clay,Maize,373.3761151488907,28.108239093219144,TRUE,TRUE,Cloudy,62,5.122501622788869
East,Chalky,Rice,550.8610321,22.40777899222239,TRUE,FALSE,Sunny,65,4.763686629565328
North,Loam,Cotton,988.2435823272135,19.40767355,FALSE,TRUE,Cloudy,80,6.319186899815463
South,Loam,Maize,638.7242530641003,19.383872801063525,TRUE,TRUE,Cloudy,87,6.153750811044066
North,Chalky,Soybean,827.3578459544393,38.70028613423065,TRUE,TRUE,Cloudy,140,7.409493344963068
South,Clay,Cotton,183.0344065353612,27.346150773375093,TRUE,FALSE,Cloudy,143,2.8322016692848693
East,Silt,Wheat,203.17867741663187,19.87723833025691,TRUE,TRUE,Sunny,93,3.7778498813407086
North,Clay,Cotton,152.29398700457222,25.848474357994554,FALSE,FALSE,Rainy,124,1.352126538749795
North,Silt,Soybean,460.3599281450505,23.65671145674532,TRUE,TRUE,Rainy,146,6.196712996574814
South,Chalky,Wheat,898.5924703,33.107219917388065,FALSE,FALSE,Sunny,97,4.810048649975837
West,Silt,Cotton,240.78434082972248,21.952472706098888,FALSE,FALSE,Cloudy,66,0.9272761013849052
South,Peaty,Wheat,683.3994989648015,36.58698785361532,TRUE,TRUE,Cloudy,76,7.832750081
West,Peaty,Cotton,395.5815539,16.050997825221625,TRUE,TRUE,Sunny,142,4.843482993837872
South,Chalky,Rice,675.3471255241361,30.283948007992848,FALSE,FALSE,Sunny,96,3.797643573094313
East,Silt,Barley,375.47375181878823,36.679720903753854,FALSE,TRUE,Sunny,101,4.075345750595739
North,Sandy,Cotton,267.8233629912821,20.096490662870476,FALSE,TRUE,Rainy,61,3.408026143730274
South,Loam,Cotton,911.0343993283801,37.62817160324008,FALSE,TRUE,Cloudy,96,6.991782850603605
East,Loam,Rice,787.1044127114592,28.459560441865467,TRUE,TRUE,Sunny,85,7.072559805
South,Chalky,Rice,256.5604406958517,36.832325242964345,TRUE,TRUE,Sunny,71,4.711290446951905
North,Peaty,Rice,564.9727199470601,31.280780156999832,TRUE,TRUE,Cloudy,132,6.923433857402061
South,Silt,Rice,885.4132789865314,23.350289929205395,FALSE,TRUE,Rainy,85,6.725444585503227
West,Loam,Wheat,610.9806870740738,15.449267576648001,TRUE,TRUE,Cloudy,101,5.638344907043368
North,Silt,Barley,831.9498085703339,30.093070753682202,TRUE,FALSE,Rainy,92,5.656059585719261
West,Loam,Cotton,569.8933360496401,23.460810558500576,FALSE,TRUE,Sunny,125,3.5811658493510623
East,Silt,Maize,941.5682295498933,33.357803923825045,FALSE,TRUE,Sunny,125,6.601630457759092
East,Silt,Maize,655.7366893166785,19.423323790536067,FALSE,FALSE,Sunny,80,3.7265037511511943
South,Chalky,Rice,198.75302650040175,24.280539736363323,FALSE,TRUE,Cloudy,137,2.9583189986762695
West,Clay,Soybean,110.17842540448177,28.07438376,FALSE,TRUE,Rainy,141,2.3505765900116358
West,Chalky,Barley,916.4109697181559,24.881761543129066,TRUE,FALSE,Cloudy,146,6.506749720207947
North,Clay,Wheat,193.79229082272406,38.88483152348068,FALSE,TRUE,Cloudy,78,3.3588863752250844
West,Loam,Cotton,308.70375931366937,16.147089049641725,FALSE,FALSE,Sunny,78,2.2623933601187183
West,Chalky,Maize,429.2543322550548,27.274333491719783,FALSE,FALSE,Rainy,85,2.978861105353962
North,Sandy,Maize,597.2721477216519,33.541882992797994,FALSE,FALSE,Rainy,73,3.836426804066729
North,Clay,Soybean,154.28607612575942,31.609054824690915,FALSE,FALSE,Cloudy,77,0.9793910595121149
West,Chalky,Cotton,720.1120011093886,36.34658459044515,TRUE,TRUE,Sunny,134,7.535832142077098
South,Loam,Soybean,509.3826054047473,17.25517538364445,TRUE,FALSE,Rainy,131,5.253103681803709
North,Silt,Rice,302.5901802214964,27.78946493601982,TRUE,TRUE,Sunny,116,4.469444144670606
North,Sandy,Barley,167.87204211200498,34.21157893,FALSE,FALSE,Sunny,66,1.612673894750323
West,Silt,Cotton,696.0989407261204,35.87493815555089,FALSE,FALSE,Cloudy,92,5.089442719136908
West,Peaty,Barley,710.5925118143463,36.077281631645874,TRUE,TRUE,Sunny,97,6.264505896973428
North,Clay,Rice,252.01987349648655,18.012438828267026,FALSE,TRUE,Cloudy,86,2.628768667
West,Clay,Soybean,303.68966785492324,31.364990825279573,FALSE,FALSE,Rainy,74,2.154876689864631
North,Chalky,Soybean,107.15916355619942,30.991150892276277,FALSE,FALSE,Cloudy,103,1.168124005603401
South,Loam,Maize,162.81466027131506,18.09748429470793,TRUE,FALSE,Sunny,143,3.0614697507648505
South,Sandy,Rice,196.94646372933016,24.448291348395486,FALSE,FALSE,Cloudy,110,1.657252664498999
North,Chalky,Cotton,632.4259511,18.52323466898995,TRUE,FALSE,Sunny,146,5.160144177
North,Loam,Barley,553.3970411886742,23.78988736190395,FALSE,FALSE,Sunny,79,3.163532054237871
East,Silt,Rice,681.7595919,15.208606101660735,TRUE,TRUE,Cloudy,82,6.386838044
East,Chalky,Barley,162.30867492601848,37.81357790137346,FALSE,TRUE,Sunny,124,2.927988324
West,Clay,Rice,623.4704495764406,36.738482241839286,TRUE,TRUE,Sunny,134,6.519633184177815
West,Sandy,Barley,317.2054032086937,24.749347727259398,TRUE,TRUE,Sunny,75,3.7247249775592213
North,Chalky,Barley,796.0816521,25.095189181007633,TRUE,TRUE,Rainy,85,7.6789126009395705
North,Clay,Rice,952.4925354764935,23.087411952772353,TRUE,FALSE,Rainy,122,6.515660318
East,Loam,Rice,521.1872077,32.95499184633377,FALSE,TRUE,Rainy,135,4.239357987411458
East,Peaty,Rice,877.4012461157528,28.036874432665634,FALSE,FALSE,Cloudy,99,4.613911943
North,Silt,Soybean,199.38193686127573,24.40539970164948,FALSE,FALSE,Rainy,77,2.094286585378294
South,Peaty,Soybean,276.8272071156307,17.91124289729895,TRUE,TRUE,Sunny,141,3.9058844249419966
South,Silt,Barley,937.2900423960346,30.518052107205712,FALSE,TRUE,Sunny,134,6.213989656127186
West,Sandy,Wheat,516.6737563569112,22.21935548462192,FALSE,TRUE,Cloudy,113,3.939059889860661
North,Sandy,Rice,981.1911108253431,18.418557936320738,FALSE,TRUE,Rainy,92,6.3418586108777175
North,Sandy,Cotton,486.1247495019684,15.507489196515158,TRUE,TRUE,Cloudy,91,6.2070702856377595
West,Sandy,Wheat,458.9578967201652,33.85071388428025,FALSE,TRUE,Cloudy,143,4.0146005289268025
East,Sandy,Barley,330.79499240333143,38.51166104982815,FALSE,TRUE,Sunny,135,3.2869461607322696
East,Clay,Soybean,451.1234883805891,30.496617848363854,FALSE,TRUE,Sunny,102,4.594293721278484
South,Chalky,Cotton,496.9463416757933,25.568865031550402,FALSE,TRUE,Rainy,76,4.274884834536626
North,Silt,Rice,629.7710095182414,32.98805708039073,TRUE,TRUE,Sunny,146,6.786116466344885
East,Clay,Soybean,689.5190686,30.799099188441502,TRUE,FALSE,Sunny,118,5.616851343896316
South,Chalky,Cotton,368.3224601606604,37.77381372847882,FALSE,FALSE,Rainy,62,3.2839212001199387
South,Clay,Wheat,648.6967692402058,29.54703876162132,TRUE,FALSE,Cloudy,61,6.130752066776377
South,Chalky,Wheat,159.5660203012851,24.97212378,TRUE,FALSE,Sunny,133,2.9730793044447448
East,Clay,Barley,421.39258158536484,26.90353635395845,FALSE,FALSE,Sunny,81,2.789131242335678
East,Silt,Soybean,393.2817478413012,36.304173419650596,TRUE,FALSE,Rainy,116,4.043225677344459
North,Clay,Cotton,383.29884425835326,29.377678328185127,FALSE,FALSE,Cloudy,71,1.5442521626503063
North,Clay,Soybean,226.87526386752347,34.66627907071711,TRUE,FALSE,Cloudy,72,3.849028022985574
South,Chalky,Barley,364.48925371570704,31.758869802401787,FALSE,TRUE,Rainy,131,3.874756256604906
South,Clay,Cotton,458.5995004635209,33.48144272870593,FALSE,TRUE,Rainy,61,4.460094241014074
East,Silt,Barley,551.5683721763676,22.65677758682346,TRUE,FALSE,Cloudy,113,5.278325941792021
East,Chalky,Soybean,185.53146305063393,32.14388839379278,FALSE,TRUE,Sunny,140,3.083340782069185
North,Peaty,Soybean,849.4992050731246,32.08102534554574,TRUE,TRUE,Rainy,124,7.578161961989303
North,Silt,Soybean,671.7994392974817,34.643178973914445,FALSE,FALSE,Rainy,126,3.7392577439188903
West,Chalky,Maize,503.22234759174466,37.97029655066546,FALSE,FALSE,Sunny,67,2.815162237275302
North,Loam,Soybean,882.2137787372645,29.65297520739313,FALSE,TRUE,Sunny,117,5.705669173
East,Sandy,Rice,376.76646608426427,15.709764214537314,TRUE,TRUE,Sunny,77,5.150459039387446
South,Peaty,Maize,437.5996378879563,33.72773003103259,TRUE,TRUE,Sunny,109,5.6524410858832805
West,Clay,Rice,235.6183833042429,25.040920780084477,TRUE,TRUE,Rainy,136,4.733027563279474
North,Peaty,Cotton,778.3133470852239,20.635804717967623,TRUE,TRUE,Cloudy,86,7.117036256
North,Silt,Barley,895.1636702783933,22.26624220065088,FALSE,FALSE,Cloudy,103,5.485161152300936
East,Silt,Wheat,316.30313947409644,30.215314530960235,TRUE,FALSE,Cloudy,88,3.324933400185234
West,Chalky,Soybean,943.3883133369544,35.56962782048862,FALSE,FALSE,Rainy,140,5.838040337247862
North,Chalky,Rice,403.5427828,27.282589257359476,FALSE,FALSE,Rainy,131,2.174064711800877
South,Loam,Soybean,244.26715280055438,38.71592190099213,FALSE,TRUE,Rainy,123,3.907270785930614
East,Silt,Maize,757.5859820939501,34.10702586704933,TRUE,TRUE,Cloudy,147,7.140072115917142
West,Chalky,Rice,926.6790869957255,29.089339911472035,FALSE,FALSE,Cloudy,130,4.822715325806456
North,Loam,Cotton,277.17238481480354,15.034366199296237,FALSE,TRUE,Rainy,69,3.547083241656722
North,Silt,Cotton,255.81364783409484,35.07654504578829,TRUE,FALSE,Rainy,139,3.8142161539489425
West,Clay,Cotton,483.1190382779477,21.889785915851355,TRUE,TRUE,Sunny,114,6.017049993768001
East,Sandy,Cotton,970.6082169277832,26.81797538155154,FALSE,TRUE,Rainy,123,6.241291050360108
West,Sandy,Wheat,643.7405071531579,27.663186560452292,TRUE,TRUE,Rainy,99,6.554635347665477
West,Peaty,Wheat,225.35855548511023,19.562283336506773,TRUE,TRUE,Sunny,88,4.024300676770591
East,Silt,Barley,748.7781125424337,15.290427523345896,FALSE,TRUE,Rainy,115,4.843442703838714
North,Peaty,Wheat,823.5782924432183,30.583586666659272,FALSE,TRUE,Cloudy,136,5.660103504
South,Sandy,Cotton,382.35352597395695,31.15306703406379,FALSE,TRUE,Sunny,72,3.553741145
East,Chalky,Cotton,855.5185792721707,30.426763756646885,TRUE,FALSE,Sunny,86,7.036937656553553
South,Silt,Wheat,573.6861089323044,19.72308775938604,FALSE,TRUE,Rainy,141,5.334404629515929
North,Silt,Barley,169.25605107034494,36.42721823340218,FALSE,FALSE,Cloudy,100,1.3797924550715859
West,Clay,Soybean,434.65465541520473,35.18784744667711,FALSE,FALSE,Rainy,134,3.062374167392708
South,Clay,Soybean,313.7973070989598,34.336162907192104,TRUE,FALSE,Sunny,101,4.486535335840469
North,Silt,Wheat,395.4968797833574,35.84480266226717,FALSE,TRUE,Sunny,143,3.9873595070545615
North,Peaty,Cotton,205.74873682821107,29.766588716562012,TRUE,TRUE,Cloudy,66,4.315417950770528
West,Loam,Wheat,339.82283291247313,35.779103538087554,TRUE,TRUE,Rainy,75,4.804230131294072
West,Loam,Barley,131.6302513767605,17.80421897883912,FALSE,FALSE,Rainy,104,0.2144069198528894
North,Peaty,Maize,873.6016809236903,28.81525778651327,FALSE,TRUE,Sunny,93,6.7705652060113355
North,Peaty,Wheat,657.4681460736131,15.819430186707828,TRUE,TRUE,Sunny,101,7.059369447547921
South,Peaty,Barley,729.3809653,19.650984760787953,FALSE,TRUE,Cloudy,79,5.078120545002698
North,Loam,Cotton,505.89740213737247,33.187944774777655,TRUE,FALSE,Sunny,68,3.9608241664546253
North,Clay,Wheat,337.80528358624656,37.10602535146532,TRUE,TRUE,Sunny,90,5.100335692373526
South,Sandy,Rice,173.77613060121354,31.53011218,FALSE,FALSE,Rainy,86,1.2067800598930178
East,Sandy,Maize,711.0978530704944,37.61244642006163,TRUE,FALSE,Rainy,106,4.756412773110849
South,Peaty,Soybean,161.11240287311074,38.38398938639942,FALSE,FALSE,Rainy,143,1.3085690316026248
South,Silt,Soybean,275.1986703997443,15.660361339517213,TRUE,FALSE,Cloudy,82,3.2318523678970954
West,Clay,Wheat,115.98680886431244,32.81937378468041,TRUE,TRUE,Rainy,140,4.157649820061652
South,Peaty,Wheat,121.16590178057199,30.22056594864351,FALSE,TRUE,Cloudy,104,2.3632790060594684
North,Silt,Maize,850.7830265100495,21.33183508519111,TRUE,FALSE,Sunny,71,5.417125929963276
North,Clay,Wheat,247.99047427651965,35.38520624546076,FALSE,TRUE,Rainy,137,3.231449554436246
North,Clay,Rice,692.6830181710689,30.429592795289814,TRUE,FALSE,Sunny,123,5.565402896935037
East,Chalky,Maize,348.7276922930314,22.555255051951523,TRUE,FALSE,Rainy,112,3.4936565175497845
North,Sandy,Soybean,735.9318946,31.867689753500006,FALSE,FALSE,Sunny,141,3.6546950210733815
East,Sandy,Barley,526.4331074301481,33.829556372067806,FALSE,TRUE,Cloudy,102,3.7023758584646096
North,Loam,Cotton,747.6827600460393,33.38941591,TRUE,TRUE,Cloudy,100,7.325787086514803
South,Clay,Wheat,420.3750824213045,35.33251479920116,TRUE,TRUE,Cloudy,146,5.987424587516612
West,Silt,Barley,120.91810931293645,15.57511324946632,TRUE,FALSE,Cloudy,106,2.8978843596365507
North,Peaty,Barley,168.11546283435246,19.21928710498786,FALSE,TRUE,Rainy,75,2.7044223730848813
East,Clay,Rice,820.9102169917876,30.75516590855991,TRUE,FALSE,Cloudy,112,6.1269051024110395
East,Sandy,Barley,901.8445785,26.03694484053755,FALSE,FALSE,Cloudy,78,5.0639346892523545
West,Clay,Cotton,848.8945329601862,39.674232926662214,TRUE,FALSE,Sunny,131,5.9966831522002115
North,Peaty,Cotton,148.1666972011696,23.14116850882614,FALSE,TRUE,Cloudy,112,2.254391458295097
South,Clay,Rice,666.1876957957483,27.926670238395836,TRUE,FALSE,Sunny,102,5.511592938273191
North,Sandy,Maize,689.0857051316452,30.74555254212294,TRUE,TRUE,Rainy,65,6.733771118844449
North,Loam,Wheat,629.0882048164891,36.35325430448437,FALSE,TRUE,Sunny,126,4.950589091645869
West,Peaty,Rice,146.0455763255143,23.935764462316406,TRUE,TRUE,Sunny,111,4.995092216196994
North,Sandy,Wheat,965.9336565277958,26.10869200593806,FALSE,TRUE,Cloudy,116,7.0641850761015075
South,Clay,Barley,178.17127910617052,23.670930288772297,FALSE,FALSE,Cloudy,111,0.9611130351535683
East,Clay,Cotton,665.7089710147548,34.25403378707824,FALSE,TRUE,Cloudy,88,6.507786041470915
West,Clay,Maize,741.0416656578049,31.00689614,FALSE,FALSE,Sunny,131,5.746369009594209
South,Chalky,Rice,300.7984079289744,29.14351666701009,TRUE,TRUE,Rainy,60,4.287590247575399
East,Loam,Cotton,440.6728804558764,35.71588891976947,FALSE,TRUE,Rainy,98,3.7611768463091013
West,Peaty,Cotton,142.1604359057654,21.20476812254963,TRUE,FALSE,Cloudy,132,2.789033168138648
West,Clay,Barley,233.28798461624652,32.41502968767535,FALSE,FALSE,Rainy,149,1.4610349174884498
East,Sandy,Cotton,827.8830576076246,17.79061668406601,FALSE,TRUE,Cloudy,139,5.372642305756839
East,Chalky,Soybean,703.8420794386489,27.969861352323747,TRUE,TRUE,Cloudy,97,8.200099228
South,Clay,Maize,932.5443945521552,17.562191422836968,FALSE,TRUE,Sunny,101,6.2378426606956054
North,Loam,Rice,801.6403460371627,18.99065225929673,FALSE,TRUE,Sunny,147,6.304859888551193
North,Loam,Rice,129.19381169825652,27.12981960559321,FALSE,FALSE,Sunny,123,1.0658554225430952
North,Loam,Wheat,905.203025,32.82101490025261,TRUE,FALSE,Rainy,105,7.0679132619389495
North,Peaty,Barley,234.65616784504982,29.74045807,FALSE,TRUE,Rainy,139,2.667486916914226
North,Loam,Wheat,743.5126756419229,28.81321662487148,FALSE,FALSE,Sunny,105,4.046361943283899
South,Clay,Rice,366.9554212295784,36.69713246615457,FALSE,TRUE,Rainy,73,3.1972869455155197
West,Chalky,Rice,309.4499164886421,26.124673232250778,TRUE,TRUE,Sunny,110,5.709601221583846
South,Sandy,Wheat,599.9133447871931,20.16388873952323,FALSE,TRUE,Cloudy,98,4.534398120310109
South,Chalky,Cotton,999.1879096659941,19.240343928137065,FALSE,FALSE,Rainy,78,5.076787908361332
South,Peaty,Cotton,357.52818654240957,30.905778667528885,TRUE,TRUE,Sunny,131,5.415842686691884
West,Loam,Cotton,259.29635678438353,23.314016729062885,FALSE,FALSE,Sunny,118,0.8499499154062555
South,Sandy,Barley,592.2111295788281,35.40688201957717,TRUE,FALSE,Cloudy,72,4.744392929961867
South,Loam,Cotton,528.5809454873342,37.64597736817471,FALSE,FALSE,Rainy,78,3.997215347
West,Silt,Rice,316.25354007702674,37.19239948788538,TRUE,FALSE,Rainy,90,4.307427976772825
South,Sandy,Cotton,834.4855684887312,24.402287730799088,FALSE,TRUE,Cloudy,96,5.140371731466807
North,Loam,Maize,592.0835204283538,26.194015811903274,TRUE,TRUE,Rainy,142,6.026426835477667
East,Chalky,Barley,630.5132558573285,25.51927591185137,TRUE,TRUE,Sunny,144,5.9169218967256505
South,Clay,Maize,572.6858932,36.77048450751212,TRUE,TRUE,Cloudy,136,6.404177722830104
East,Clay,Rice,844.8299918302139,36.34372107988955,FALSE,FALSE,Sunny,109,5.259565746
South,Loam,Wheat,888.7950761589508,25.228227045848747,TRUE,FALSE,Rainy,61,7.3867335058726775
South,Sandy,Soybean,525.7876249670093,33.63002818711642,TRUE,TRUE,Rainy,93,6.112881367787593
North,Sandy,Cotton,549.0058743,27.721868628981426,TRUE,TRUE,Sunny,96,4.7715963237664205
West,Clay,Maize,739.4578629932454,16.525054937630614,TRUE,FALSE,Cloudy,124,5.999159347422161
East,Sandy,Cotton,648.7244111451987,28.50166988784633,FALSE,FALSE,Rainy,135,3.9783957878041596
West,Peaty,Maize,508.9661622737547,35.36575549130869,TRUE,TRUE,Rainy,77,6.525131977796305
North,Chalky,Soybean,150.00958549741713,34.758897405242294,TRUE,FALSE,Cloudy,123,2.9480813902176837
North,Loam,Maize,109.89722892131759,20.43576686551855,FALSE,FALSE,Rainy,119,1.3556079712089195
East,Silt,Barley,773.3103297886481,25.74860471964394,TRUE,TRUE,Cloudy,108,8.008172014582495
West,Loam,Maize,142.43251709659356,27.442497310561244,TRUE,TRUE,Sunny,82,4.608124790715826
North,Peaty,Cotton,204.3674618865407,17.66146241083677,FALSE,FALSE,Rainy,114,1.803978483841738
South,Sandy,Wheat,549.2221877989898,17.908720128197768,FALSE,FALSE,Cloudy,75,3.185209293304599
South,Clay,Wheat,877.4693753669754,39.686104697949304,TRUE,FALSE,Rainy,137,5.940015234642199
South,Peaty,Barley,903.6754911818139,36.230421908009426,FALSE,FALSE,Rainy,106,5.320710868590225
West,Silt,Barley,433.17879517130854,34.75176131337084,FALSE,TRUE,Cloudy,127,3.5097518377417924
South,Chalky,Barley,193.5378427779487,15.483632463523067,TRUE,FALSE,Rainy,98,2.3677704281466174
South,Silt,Barley,937.4808155,39.93520425,FALSE,FALSE,Cloudy,145,6.168654478
North,Loam,Soybean,838.1163752653807,22.701763658541253,TRUE,TRUE,Cloudy,121,7.749779603003963
North,Silt,Wheat,343.7993468174902,37.731921815577955,FALSE,FALSE,Cloudy,137,1.5020535095133543
South,Sandy,Cotton,199.96812924831028,25.728811502386524,FALSE,TRUE,Sunny,60,3.0506312650247716
South,Sandy,Rice,859.0496651243835,29.902658263297873,TRUE,FALSE,Rainy,104,6.395457380831123
North,Clay,Cotton,993.2710071107409,22.257039513655243,FALSE,FALSE,Rainy,91,5.262737826603017
East,Clay,Barley,741.8325984468368,26.417001471957395,FALSE,FALSE,Cloudy,84,4.2161295358797855
West,Sandy,Maize,655.7206152124987,23.609370971244864,FALSE,TRUE,Sunny,135,4.1494793659351235
West,Sandy,Maize,159.26300445688082,23.725545388501608,TRUE,FALSE,Sunny,148,1.9478133752639843
North,Silt,Wheat,888.6684357443075,24.411445924680923,TRUE,TRUE,Sunny,66,7.833051934547003
West,Clay,Wheat,878.9646246421215,30.771059701137197,FALSE,TRUE,Sunny,148,6.974271790137324
North,Silt,Barley,986.5418792,24.681563864618692,TRUE,FALSE,Sunny,77,6.8498652611328446
North,Peaty,Maize,300.04243747313706,39.77393361051206,FALSE,FALSE,Rainy,108,3.120682492
North,Sandy,Soybean,273.57791619097975,32.09481672352287,FALSE,TRUE,Cloudy,60,3.326533742883763
North,Sandy,Barley,519.3070376611657,23.707106191169522,TRUE,FALSE,Cloudy,106,4.815743490466986
East,Clay,Barley,505.1180790194073,25.137644243894368,TRUE,FALSE,Cloudy,130,4.295461596842392
South,Sandy,Cotton,603.7836945675435,17.891896926486652,FALSE,FALSE,Rainy,69,3.4412050367617053
South,Silt,Rice,193.8897330468467,37.15726558479774,TRUE,FALSE,Rainy,73,2.5467425495144553
East,Clay,Rice,764.7251350035226,26.92944494,FALSE,TRUE,Rainy,89,4.892668265154665
West,Peaty,Rice,740.6803991596255,31.21948139800008,FALSE,FALSE,Cloudy,73,4.145958325844396
West,Sandy,Rice,829.146247,33.30813395883125,TRUE,FALSE,Cloudy,114,5.899336565
South,Loam,Cotton,722.2986621811922,35.97022851883927,TRUE,FALSE,Cloudy,92,5.705646946539641
West,Clay,Wheat,639.9355161547504,36.909026029632635,TRUE,FALSE,Cloudy,138,5.847673486271947
South,Loam,Rice,114.18885186621709,36.05828200075615,FALSE,TRUE,Sunny,72,2.6947260568913753
South,Silt,Cotton,800.3040751243586,24.916123531428923,FALSE,FALSE,Sunny,144,4.167688259226025
East,Clay,Wheat,591.9618671951673,35.43567577260323,TRUE,TRUE,Rainy,96,6.818992360372106
West,Loam,Soybean,863.479586,29.177637791957075,FALSE,TRUE,Rainy,105,5.032740790441517
East,Chalky,Cotton,383.5624849162646,38.735384169639715,TRUE,TRUE,Sunny,79,5.680288426759684
South,Loam,Barley,539.2475765960273,21.60330611542173,FALSE,FALSE,Sunny,102,3.045288859850788
South,Chalky,Cotton,245.30553482766425,31.71818813436865,TRUE,TRUE,Rainy,70,3.743913346428685
South,Clay,Soybean,408.5597705,24.042152937626135,TRUE,FALSE,Cloudy,132,4.0404880432069294
North,Chalky,Soybean,822.2287888,36.37435800981737,TRUE,FALSE,Rainy,126,7.090661227923068
North,Chalky,Soybean,297.89555494010403,36.508790503714806,TRUE,TRUE,Rainy,143,5.4272330257537575
North,Silt,Soybean,739.5071741768836,16.234366203803763,FALSE,TRUE,Sunny,110,6.375758654134937
East,Loam,Barley,185.5906477504106,33.09814855277358,TRUE,FALSE,Sunny,122,2.748451429721127
South,Peaty,Cotton,908.8983641342909,29.73935485,TRUE,TRUE,Sunny,144,7.133365705
West,Peaty,Cotton,648.9490690125438,35.189960395698535,FALSE,TRUE,Rainy,79,5.636479529868029
East,Peaty,Cotton,254.45215191035814,15.374718685789018,FALSE,TRUE,Cloudy,83,3.224061640850305
East,Chalky,Wheat,239.25473251603066,17.180145530356338,FALSE,TRUE,Cloudy,99,2.870081795163647
East,Clay,Cotton,691.5104739407344,21.363096799872498,TRUE,TRUE,Sunny,124,6.583458224295889
West,Chalky,Barley,575.5516110539572,17.441292637848207,FALSE,FALSE,Rainy,74,2.8031360805471794
South,Silt,Wheat,215.38505422298692,27.97578704728754,FALSE,TRUE,Sunny,104,2.2970894874721304
North,Clay,Wheat,881.5862453703045,16.04684239778294,TRUE,TRUE,Sunny,103,7.078065444773897
South,Clay,Rice,666.3979096647614,34.14406976322887,FALSE,FALSE,Cloudy,103,4.150386493860717
South,Clay,Rice,179.49359290064285,33.127961591739385,TRUE,FALSE,Cloudy,70,3.5259476056693293
East,Peaty,Rice,714.9006926873766,20.676515549837866,TRUE,FALSE,Cloudy,66,4.9983044375447525
East,Peaty,Barley,976.5756895,38.76669572977008,TRUE,FALSE,Rainy,149,7.5116468541338675
East,Sandy,Barley,700.5584347903375,16.610546211243076,FALSE,TRUE,Sunny,95,4.859252324564841
North,Chalky,Rice,415.59840165899107,18.774233592740266,TRUE,FALSE,Cloudy,146,3.219177583084231
North,Loam,Maize,658.1781526,38.01540352256294,FALSE,FALSE,Cloudy,149,4.481179376076772
North,Clay,Rice,382.47124127188465,36.720590305921746,TRUE,TRUE,Rainy,139,6.3373761654052805
South,Loam,Maize,331.6011661811003,39.392108360694216,FALSE,TRUE,Rainy,131,3.6540191638463724
East,Chalky,Wheat,759.3880378267575,19.229592734509517,TRUE,FALSE,Cloudy,83,6.342621900375013
West,Sandy,Maize,194.15467473044524,39.177505598282636,FALSE,TRUE,Cloudy,109,2.483519452333492
South,Silt,Wheat,796.5427532135844,26.163071196419974,TRUE,TRUE,Sunny,63,6.694522180151802
North,Clay,Barley,293.0233496097368,20.172253429372624,FALSE,FALSE,Cloudy,105,1.697483524985204
West,Clay,Rice,544.0332827874336,38.58137021223523,FALSE,TRUE,Cloudy,71,4.713049367916368
West,Silt,Wheat,577.0726923043635,30.261208611577057,FALSE,TRUE,Rainy,135,5.184766129281417
East,Sandy,Barley,369.4477163510063,26.38168663495035,FALSE,FALSE,Sunny,136,2.797231784971604
West,Peaty,Barley,975.9460863374703,23.634301659627205,TRUE,FALSE,Cloudy,138,5.919990531493115
North,Clay,Soybean,877.2954639339418,24.28692460717819,FALSE,FALSE,Cloudy,92,5.1759181916840475
East,Peaty,Rice,751.4080471141885,32.362795865615965,FALSE,TRUE,Rainy,80,5.228633420722623
West,Peaty,Barley,845.6582057740549,25.208365024546346,TRUE,FALSE,Cloudy,78,5.452503657934153
East,Sandy,Wheat,943.4841145427597,20.653996162016377,TRUE,TRUE,Sunny,93,7.193685235
West,Chalky,Wheat,380.88567760120105,19.230028881936313,FALSE,TRUE,Cloudy,119,3.872391513
South,Clay,Wheat,179.27951297150247,19.55041054612355,FALSE,TRUE,Sunny,115,2.920640157717284
South,Sandy,Barley,959.5679823355179,22.312795816000076,FALSE,FALSE,Sunny,139,4.5853789004942564
North,Silt,Cotton,279.37443708375224,32.942297660929384,FALSE,TRUE,Cloudy,113,2.9185901925211937
South,Peaty,Wheat,874.5694545,16.963272780109346,TRUE,TRUE,Sunny,123,6.738239963536319
South,Peaty,Rice,864.0413537233552,16.134851909643604,TRUE,TRUE,Cloudy,71,8.140928122254218
South,Clay,Rice,213.97167465078778,24.14789167874971,TRUE,FALSE,Cloudy,107,2.939603173965771
West,Peaty,Rice,858.9309424151941,30.221625834987268,TRUE,FALSE,Sunny,79,6.868021584814507
West,Silt,Cotton,453.61693791742937,39.99786026230417,FALSE,FALSE,Sunny,97,2.8649714642731174
East,Peaty,Soybean,825.6328048,29.738417997388506,FALSE,TRUE,Cloudy,70,6.895785071421378
West,Loam,Cotton,315.8919567801033,29.157762795988525,TRUE,FALSE,Sunny,108,3.0601853089964344
South,Chalky,Cotton,875.4888602159899,15.27359468,FALSE,TRUE,Sunny,138,5.499968904665614
West,Peaty,Maize,289.70273415499673,24.425591724519315,TRUE,TRUE,Sunny,79,4.597593218147477
North,Clay,Soybean,124.59555905272147,24.381639466718738,FALSE,FALSE,Rainy,125,1.1297512768654394
East,Silt,Soybean,925.7231038112832,17.08582270089738,FALSE,FALSE,Sunny,64,4.570965727223007
East,Peaty,Rice,774.3957160989942,26.95981295845501,TRUE,FALSE,Cloudy,95,5.080677334252723
West,Chalky,Soybean,186.2577747,32.391644388304414,TRUE,TRUE,Sunny,115,2.785801199106031
South,Silt,Wheat,684.3022571,37.970821230423454,TRUE,TRUE,Cloudy,134,6.860846497946548
East,Loam,Cotton,562.3277855244521,18.320951129116327,TRUE,TRUE,Sunny,118,5.3718252588794595
North,Clay,Maize,233.83733523449396,25.54651285758716,TRUE,TRUE,Rainy,102,4.924178119442875
North,Loam,Cotton,535.9879831,20.908238080564775,FALSE,FALSE,Rainy,75,3.081315303972827
East,Sandy,Cotton,587.8656518253999,15.069263405349199,TRUE,TRUE,Sunny,141,5.866466175702432
South,Chalky,Cotton,424.8781369094678,21.981396681186148,FALSE,FALSE,Rainy,69,2.7735561797537702
South,Clay,Barley,989.3370651556793,28.02451172730452,FALSE,FALSE,Sunny,61,5.749319660268363
West,Loam,Wheat,265.20169309400285,23.50322641764526,FALSE,TRUE,Rainy,145,2.1708703659561044
West,Silt,Maize,351.00263710160385,19.820015846398192,TRUE,TRUE,Rainy,143,5.500958441986736
East,Silt,Maize,235.9543329594359,36.4103995,TRUE,TRUE,Rainy,101,4.823240152069636
West,Chalky,Maize,643.0318606,19.95067732186102,TRUE,FALSE,Cloudy,95,5.299609485990607
West,Sandy,Cotton,383.21883757015155,25.66027012,FALSE,FALSE,Rainy,144,2.064941276008499
West,Sandy,Soybean,308.33058891340613,18.591530889774038,FALSE,FALSE,Rainy,82,1.4683118485207258
North,Clay,Rice,851.2900866231952,31.19042295940071,TRUE,TRUE,Sunny,93,7.6644023930275305
West,Chalky,Soybean,641.6148247780475,33.96599195853531,TRUE,TRUE,Sunny,99,6.303698510986332
East,Silt,Rice,941.6027488246859,33.73482181217621,TRUE,FALSE,Cloudy,103,6.536821709596705
South,Sandy,Soybean,178.9501467773432,23.325779982195705,TRUE,FALSE,Sunny,127,3.665990091034732
West,Sandy,Cotton,610.4311931928739,18.618650332150008,TRUE,TRUE,Rainy,72,6.395810018763284
South,Silt,Soybean,283.08026232591175,27.974211277269788,FALSE,TRUE,Sunny,71,3.652089742717876
West,Silt,Rice,278.7240974584488,15.940036146626849,TRUE,TRUE,Cloudy,75,4.805483026
East,Peaty,Wheat,643.8711904,34.68957675,TRUE,TRUE,Rainy,139,6.402413427903327
North,Chalky,Rice,167.35498437571104,24.825438553335427,FALSE,FALSE,Cloudy,66,1.2119494674345896
East,Sandy,Wheat,615.1290772892534,25.453466585505957,TRUE,TRUE,Cloudy,131,5.957738416515071
North,Sandy,Maize,612.9402644667913,20.554680384242623,TRUE,TRUE,Rainy,114,5.949747377
West,Chalky,Rice,674.9343881702871,24.377007611979565,FALSE,FALSE,Cloudy,112,4.320070074604598
West,Peaty,Maize,491.9395917,16.601759228969144,FALSE,FALSE,Sunny,98,2.258899867280266
North,Peaty,Wheat,116.3895942482041,28.517219732388583,TRUE,TRUE,Rainy,140,3.7207411572746123
East,Clay,Soybean,428.1253036,37.817915682989344,FALSE,FALSE,Sunny,89,2.393351937347883
East,Loam,Soybean,811.8361444797013,36.14545038715619,TRUE,FALSE,Rainy,61,6.380210889858758
North,Peaty,Wheat,854.8467239114743,35.39131399292798,TRUE,TRUE,Sunny,66,8.127955654393373
West,Loam,Barley,370.2483963822427,18.310242352944513,FALSE,FALSE,Sunny,147,1.8993736259516116
North,Sandy,Soybean,230.84886639020937,21.459714917374388,FALSE,TRUE,Cloudy,70,3.0743615907424466
West,Sandy,Rice,849.5391853130069,27.50683451029496,TRUE,FALSE,Cloudy,112,6.894066677942922
North,Clay,Wheat,456.9061415846822,25.837045636402713,TRUE,TRUE,Cloudy,87,5.960384690600855
West,Chalky,Soybean,528.0007223,28.00738724487511,TRUE,FALSE,Sunny,111,5.053390749940199
North,Sandy,Rice,293.01703159820096,17.07442452962484,FALSE,TRUE,Cloudy,142,3.3269766810049504
South,Chalky,Barley,499.92355501950294,30.42439624282969,TRUE,FALSE,Rainy,124,4.619685875880382
West,Peaty,Cotton,644.5042689,24.453184562788735,TRUE,TRUE,Sunny,89,6.238937980912057
East,Chalky,Rice,215.29670223367754,34.268537948838755,TRUE,TRUE,Cloudy,103,4.039487975334934
North,Chalky,Soybean,675.4369977342526,16.497537955299734,TRUE,TRUE,Sunny,83,6.5791667901329705
East,Sandy,Soybean,562.5262176942744,39.96114117096561,TRUE,FALSE,Sunny,144,5.502080801661517
North,Loam,Wheat,112.39829404586504,34.14978697,FALSE,TRUE,Cloudy,85,2.5490217502975794
East,Clay,Soybean,257.1829168435055,33.58929686298495,TRUE,FALSE,Cloudy,63,3.338275510803579
East,Silt,Wheat,590.0850675689089,19.381923700685398,TRUE,TRUE,Cloudy,102,6.165835380935673
North,Silt,Cotton,689.4876305,24.70440775694439,TRUE,FALSE,Sunny,105,5.744808529504787
North,Chalky,Soybean,664.7930092579492,29.148898042030318,TRUE,FALSE,Sunny,74,5.8546348388622995
East,Loam,Barley,279.4627725779905,36.10297946,FALSE,TRUE,Cloudy,142,2.4465316235012935
East,Clay,Maize,870.9336213690847,26.473575442627578,FALSE,FALSE,Rainy,143,4.432249578010879
East,Clay,Maize,801.9315771818332,24.733709418200693,FALSE,TRUE,Rainy,113,5.801225453052061
West,Sandy,Soybean,589.7302561429592,29.25587017962578,TRUE,FALSE,Rainy,107,4.806527224346104
West,Sandy,Cotton,555.0473488794563,36.07517877,FALSE,TRUE,Rainy,101,4.3091303239231165
South,Peaty,Cotton,742.6012698,38.45331335924661,FALSE,FALSE,Sunny,77,4.823239234283719
West,Sandy,Soybean,363.72827488849276,27.01496482508114,FALSE,TRUE,Sunny,73,3.195310024868787
West,Chalky,Soybean,471.04247414636876,18.217055173288966,TRUE,TRUE,Sunny,69,5.214310811145431
North,Clay,Cotton,612.4986870271804,33.661879521743145,FALSE,TRUE,Rainy,61,4.895020464237776
South,Peaty,Barley,947.4859521580406,35.26565409580022,FALSE,TRUE,Rainy,118,6.2979205289147515
South,Loam,Maize,185.93549060622826,35.270747221522974,FALSE,TRUE,Sunny,64,3.8423798330092276
West,Loam,Rice,505.93015535494726,18.927277526673674,FALSE,FALSE,Rainy,108,2.6889804876882804
North,Peaty,Barley,209.49057257266824,16.73252475544621,TRUE,FALSE,Rainy,143,3.644037367723846
North,Clay,Cotton,887.3144732039551,38.749577561569645,TRUE,FALSE,Sunny,147,5.472566919566046
South,Clay,Wheat,447.05441334949614,26.211163880066273,FALSE,FALSE,Rainy,109,3.206013114518695
North,Sandy,Rice,895.5014232690552,38.68707347706958,FALSE,TRUE,Rainy,144,6.513161633058412
East,Chalky,Cotton,623.5244820393161,21.901691504735936,FALSE,FALSE,Sunny,66,2.907269792071983
West,Silt,Soybean,796.6450618200108,15.49823813357523,TRUE,FALSE,Rainy,131,5.871827845780504
East,Clay,Wheat,619.4479510714156,36.32041764273663,TRUE,TRUE,Rainy,128,5.867237632152227
South,Sandy,Maize,831.3529278944685,16.13923797987232,TRUE,TRUE,Rainy,107,6.860501189
South,Clay,Wheat,929.6652681794798,28.86830870111954,TRUE,TRUE,Sunny,115,7.5269298172847545
North,Sandy,Wheat,608.8387329186437,25.75337467581949,FALSE,FALSE,Cloudy,95,4.135745364654726
North,Clay,Wheat,298.1549358888442,35.23800196744905,FALSE,FALSE,Cloudy,105,2.201607757817318
South,Silt,Rice,778.4475138197078,19.45295302213615,TRUE,FALSE,Rainy,126,5.705107226797376
South,Silt,Wheat,821.5785231577761,24.94138447,FALSE,FALSE,Sunny,61,5.012063249072294
East,Chalky,Soybean,440.0835226141183,22.690766447845427,FALSE,TRUE,Sunny,124,4.097145414059991
East,Clay,Cotton,106.68221247682065,18.680597552762837,FALSE,FALSE,Sunny,64,0.4095584009907406
North,Clay,Cotton,110.33079008176334,36.69542498809069,FALSE,FALSE,Sunny,120,1.1541202179169485
East,Loam,Rice,419.99596999878344,27.394026312946185,TRUE,FALSE,Cloudy,105,3.822038144804731
North,Clay,Maize,593.3755537721266,19.717301615653636,FALSE,FALSE,Cloudy,88,2.3407757421651647
North,Sandy,Cotton,290.6897597690628,23.860603732502472,TRUE,TRUE,Cloudy,101,4.912017031197591
West,Peaty,Cotton,375.86329184241754,15.826446614309878,FALSE,TRUE,Cloudy,107,3.3977565123738493
North,Silt,Rice,843.3446470142081,29.445656838957568,TRUE,FALSE,Sunny,83,5.9367669871876645
East,Chalky,Cotton,274.173226,20.053452615608293,FALSE,FALSE,Rainy,148,1.0975981260886192
South,Chalky,Wheat,496.7199804821791,25.914218549077056,FALSE,TRUE,Sunny,123,4.383037141424309
South,Loam,Cotton,917.6595721,15.516519402652035,TRUE,FALSE,Rainy,114,6.848008016847432
East,Sandy,Wheat,983.4760320947299,28.71469155885488,FALSE,FALSE,Cloudy,104,5.076176030917903
South,Silt,Rice,732.4539374075958,19.212040423543513,FALSE,FALSE,Cloudy,129,3.707521941500092
North,Peaty,Wheat,680.3173578,20.022627481394586,FALSE,FALSE,Sunny,77,3.3983789667010638
South,Loam,Barley,840.3077578184568,24.090864486731068,TRUE,FALSE,Rainy,65,5.947540176505013
East,Chalky,Cotton,585.5527663570817,22.72392476590033,TRUE,TRUE,Sunny,82,5.558257934057463
South,Peaty,Barley,792.5439879017348,38.720971826555825,FALSE,FALSE,Rainy,111,5.546768467486474
North,Peaty,Cotton,222.08197326920805,15.50685032981013,FALSE,FALSE,Rainy,114,1.416618397762247
North,Loam,Soybean,995.8247598192532,15.536923777912534,TRUE,FALSE,Cloudy,145,6.823043912959996
East,Sandy,Maize,317.6795799933194,23.84077794841582,TRUE,TRUE,Rainy,85,4.3682588073732225
East,Clay,Maize,782.9057165033225,34.96551114151151,TRUE,TRUE,Cloudy,123,7.825786734
East,Peaty,Barley,559.8886816126274,36.917827722159984,FALSE,TRUE,Cloudy,78,5.268760622941684
West,Sandy,Rice,299.1061796258763,15.508196390640983,FALSE,FALSE,Rainy,121,1.8395541152208983
West,Chalky,Cotton,623.0582980666553,24.020230673729344,FALSE,FALSE,Sunny,132,3.318710820309842
North,Loam,Rice,777.1831960598316,29.20758042525242,TRUE,FALSE,Cloudy,129,6.487988987295555
West,Chalky,Cotton,108.07935718239723,23.19531614430293,TRUE,FALSE,Rainy,76,2.9374805091510776
West,Loam,Wheat,634.5435346006425,15.844460383784366,TRUE,FALSE,Rainy,139,4.582034018881843
South,Clay,Wheat,587.8505003096926,38.94552665306895,TRUE,TRUE,Cloudy,99,5.673339276
West,Chalky,Barley,532.3391394307919,31.401922983147934,TRUE,FALSE,Rainy,98,4.03062358
South,Silt,Cotton,667.3514709703253,35.652819297364545,TRUE,FALSE,Cloudy,91,5.436853062324652
East,Silt,Barley,535.5243701544246,39.79648877522712,FALSE,TRUE,Sunny,144,5.6721923401034005
South,Loam,Cotton,496.97689366367723,39.06734038,TRUE,FALSE,Rainy,140,5.357021434389324
South,Silt,Maize,219.0784564676496,21.950402124371212,TRUE,TRUE,Cloudy,87,4.254106600389989
East,Chalky,Rice,559.3337639101585,34.778395727667494,TRUE,TRUE,Rainy,132,6.306225938608241
East,Silt,Cotton,192.46904548011673,17.173205877990153,TRUE,TRUE,Cloudy,129,4.726644583651278
North,Peaty,Soybean,268.28853417262144,31.845867917790937,TRUE,TRUE,Rainy,60,4.3270502329388645
North,Clay,Cotton,701.5759306952599,30.614625939224258,TRUE,FALSE,Cloudy,90,6.024070934902122
North,Chalky,Wheat,839.2181158261333,17.32108731971923,FALSE,FALSE,Cloudy,149,4.469993065788181
North,Sandy,Soybean,278.69624079085696,21.922001311621905,FALSE,FALSE,Rainy,113,2.2562236893336802
South,Peaty,Cotton,386.1059042,23.21157131,FALSE,FALSE,Rainy,61,2.4058533534761004
South,Sandy,Soybean,993.8401277297237,23.753063353135335,FALSE,FALSE,Rainy,112,5.4022107381249835
North,Clay,Cotton,720.2917791674654,20.417600182387137,TRUE,TRUE,Sunny,92,6.646451756390488
West,Chalky,Wheat,351.73864307854103,29.821585898767907,FALSE,FALSE,Rainy,80,3.4213273542135596
North,Silt,Soybean,826.3688147035753,39.38989395646624,TRUE,TRUE,Sunny,149,7.720565563747541
West,Loam,Rice,893.0129299027424,16.947095012011392,FALSE,TRUE,Sunny,87,6.300866242
East,Peaty,Maize,870.1972673,33.06848445268308,TRUE,FALSE,Cloudy,75,5.93991886
South,Chalky,Soybean,990.6111260055591,38.94584052,FALSE,TRUE,Sunny,71,7.076575863376328
South,Peaty,Rice,861.3751033,34.092006800945754,FALSE,TRUE,Sunny,138,5.722549963917308
West,Sandy,Soybean,368.0436595409027,31.69055734196666,FALSE,FALSE,Rainy,84,2.6240119489078597
North,Chalky,Maize,212.53549783054152,35.29003678831654,FALSE,TRUE,Sunny,114,3.1500201249852604
South,Sandy,Maize,352.2092850364584,22.42369900615598,FALSE,FALSE,Cloudy,86,2.2503411916356453
West,Chalky,Cotton,417.7959712866493,38.50516137091753,TRUE,TRUE,Sunny,86,5.278273873
East,Peaty,Barley,522.7986261399188,37.360420977308266,FALSE,FALSE,Rainy,65,4.549538530526032
East,Silt,Barley,446.0063393562932,33.299497852110534,TRUE,FALSE,Cloudy,76,4.1043602209853685
South,Clay,Cotton,833.0023204514655,15.272982722949713,FALSE,FALSE,Rainy,149,5.303813426363403
North,Clay,Maize,401.2638566683007,33.28596715478696,FALSE,FALSE,Rainy,67,2.2533318522469865
West,Chalky,Wheat,384.6428630183431,17.518434515827597,TRUE,FALSE,Cloudy,90,4.017556715068788
South,Silt,Rice,549.7832645246385,30.397961789333323,FALSE,TRUE,Cloudy,133,4.296176823011547
East,Chalky,Wheat,884.5061137932432,16.106233934869856,FALSE,FALSE,Cloudy,76,5.034660329674895
North,Silt,Barley,656.6738187344436,29.722301937336848,FALSE,FALSE,Rainy,133,3.7567382702849943
West,Sandy,Maize,752.1433350433824,30.183210958050427,TRUE,FALSE,Sunny,81,6.141996631723499
South,Chalky,Rice,567.4475475892247,35.32637394999227,TRUE,FALSE,Sunny,66,5.313781608
West,Peaty,Maize,610.3930604,33.91134671020117,FALSE,TRUE,Rainy,141,5.147177194649621
North,Chalky,Soybean,267.11391007064867,23.439069665745713,TRUE,TRUE,Sunny,80,5.32726686
North,Chalky,Barley,928.4532924379251,32.115856990934645,FALSE,TRUE,Sunny,145,6.807740723927467
East,Chalky,Soybean,646.9831623165388,33.061654782244155,TRUE,TRUE,Cloudy,116,6.040087868114071
North,Clay,Rice,823.1399235189973,24.644190441441705,FALSE,TRUE,Rainy,131,5.426749958714661
South,Peaty,Barley,855.6629596750626,36.32528887866691,TRUE,FALSE,Sunny,118,6.980929035832919
West,Clay,Barley,167.17908952923926,26.644649685397454,TRUE,TRUE,Cloudy,137,3.975831764224609
North,Peaty,Rice,552.0523385711833,18.057990460315175,TRUE,TRUE,Cloudy,95,5.684401111
North,Clay,Barley,703.9697137386562,15.508770789265897,FALSE,TRUE,Cloudy,136,4.770893212664831
South,Loam,Soybean,730.7643523726368,33.561285770699016,TRUE,TRUE,Rainy,146,7.637448195794503
West,Loam,Barley,396.3061615833663,22.371380947972455,FALSE,FALSE,Sunny,145,3.2423546284237323
West,Clay,Barley,204.63866144804638,15.349185123474962,TRUE,FALSE,Rainy,130,2.9867880188529776
East,Loam,Soybean,352.9674092716716,32.58733522913434,FALSE,FALSE,Sunny,109,2.6434119300635013
East,Peaty,Maize,916.6850119783437,34.28733088438051,FALSE,TRUE,Cloudy,75,6.303137835315253
West,Peaty,Maize,189.54997893043725,15.84403325486361,FALSE,FALSE,Sunny,147,1.6165474436777545
South,Peaty,Maize,463.4167267771726,18.07517152,FALSE,FALSE,Sunny,107,3.0311156404465547
South,Loam,Wheat,264.5267909343464,32.5691373,FALSE,TRUE,Cloudy,124,2.735237413358433
East,Clay,Rice,828.1706409048746,22.51340257123552,TRUE,FALSE,Sunny,108,6.567696770692604
North,Peaty,Rice,994.1530195060838,24.487225107106365,TRUE,FALSE,Sunny,79,7.796867379398779
South,Loam,Maize,387.59395693421027,36.80388439317825,TRUE,TRUE,Sunny,84,5.201757648145058
North,Loam,Rice,472.64292855354404,19.033955573655774,FALSE,FALSE,Cloudy,69,3.133328254638367
South,Chalky,Soybean,670.7169459839645,15.139071299542017,FALSE,FALSE,Cloudy,148,3.9943653715950345
West,Chalky,Wheat,618.3917038193977,28.088495414336574,FALSE,TRUE,Rainy,98,4.882159052245174
East,Silt,Soybean,196.89308125667378,38.152632137859904,TRUE,TRUE,Cloudy,128,5.295315065299434
North,Sandy,Maize,920.6335213977845,35.23138250764947,TRUE,TRUE,Sunny,109,7.276132709126218
North,Peaty,Cotton,968.6546180480026,27.15372439,TRUE,TRUE,Rainy,67,7.932415738641955
West,Clay,Maize,643.3594300471387,17.758973169249973,TRUE,FALSE,Cloudy,60,4.642329409
South,Peaty,Wheat,725.9074073612966,27.106334942162647,FALSE,TRUE,Rainy,75,5.038168161006127
North,Silt,Maize,538.4714849128532,20.23515561137663,TRUE,FALSE,Sunny,122,3.966865745431667
South,Peaty,Soybean,163.70294754384665,21.398840858460115,TRUE,FALSE,Rainy,126,2.858626940095434
West,Peaty,Barley,312.60181753696577,35.71470866480742,TRUE,TRUE,Cloudy,81,4.245274121789696
East,Peaty,Barley,414.42591379727133,18.45304767306384,TRUE,FALSE,Rainy,127,3.5383189270801196
North,Peaty,Wheat,927.7643943194578,35.82595294077539,FALSE,FALSE,Cloudy,139,5.478717374661966
South,Silt,Soybean,143.33057344775708,18.149118740120418,TRUE,TRUE,Rainy,78,4.818024274066598
North,Clay,Barley,445.8077717188109,24.29793833199905,FALSE,FALSE,Rainy,61,3.516815306
South,Clay,Rice,817.0853665,28.299886077307807,TRUE,FALSE,Sunny,124,7.0579491523897255
South,Clay,Rice,425.50887865017137,34.42295453421907,TRUE,FALSE,Sunny,121,4.7910567725298066
South,Loam,Barley,788.1588112294638,32.415341273762465,TRUE,FALSE,Cloudy,96,6.743169081
West,Clay,Wheat,722.2636030471344,19.272906714493995,FALSE,FALSE,Rainy,90,3.9315240671344283
East,Chalky,Maize,901.2266359258829,15.423533467533844,TRUE,TRUE,Cloudy,138,7.533664559234186
North,Silt,Rice,498.0127922,37.11940745064784,FALSE,TRUE,Sunny,63,4.658590453521536
East,Loam,Soybean,812.3648636357675,38.91717349145445,FALSE,TRUE,Cloudy,129,6.328249784521107
South,Silt,Wheat,942.6360156312371,36.226432499743275,FALSE,TRUE,Sunny,120,6.541645377
South,Clay,Maize,724.0546737666774,18.999830115976618,FALSE,TRUE,Rainy,84,5.223338609691288
East,Sandy,Cotton,227.32095820041627,33.705720655397364,FALSE,FALSE,Sunny,89,0.3981974724530639
East,Silt,Maize,100.10532502053817,39.344633667088814,TRUE,FALSE,Cloudy,81,1.746274079074711
North,Chalky,Maize,693.6864593943113,33.238593153451205,FALSE,TRUE,Sunny,102,4.717760013934167
South,Peaty,Soybean,847.9196603983772,39.886096690370636,TRUE,TRUE,Rainy,134,8.386296212556129
East,Loam,Wheat,503.3376661373156,16.18608217868809,TRUE,TRUE,Rainy,86,6.524127477895133
West,Peaty,Soybean,846.0654881757448,15.773655625880565,FALSE,TRUE,Rainy,87,6.245726479789878
South,Sandy,Barley,607.7248241570733,34.21532863565565,TRUE,FALSE,Cloudy,132,5.333449275367191
South,Clay,Rice,651.6644636931633,30.883497216506253,TRUE,FALSE,Sunny,96,5.528972725212562
North,Sandy,Cotton,781.4334251497804,25.53513415407769,TRUE,FALSE,Rainy,66,5.877820114594072
West,Loam,Rice,325.86995576084496,23.426362438493573,TRUE,TRUE,Sunny,79,5.001376199438355
North,Peaty,Maize,850.9263401949186,31.693921882266693,TRUE,TRUE,Rainy,107,7.660623221427566
West,Loam,Maize,964.7073421950473,26.839985953089382,FALSE,TRUE,Cloudy,61,5.8025684070243955
North,Peaty,Wheat,227.39666223593224,32.909819177523616,FALSE,TRUE,Sunny,81,3.252694759811454
West,Peaty,Maize,133.2514888931105,36.43258808937729,FALSE,TRUE,Cloudy,120,2.367384986602889
West,Silt,Maize,488.2092873520984,28.752069519877082,TRUE,TRUE,Cloudy,66,5.756476648983885
West,Peaty,Wheat,356.2808719990117,25.494530406672375,TRUE,TRUE,Rainy,125,4.771794046098938
East,Peaty,Cotton,101.01942058011072,33.804131114813245,FALSE,FALSE,Rainy,117,-0.007103269
South,Loam,Rice,757.1739294946278,35.776645997068044,TRUE,TRUE,Sunny,107,6.964758920592634
West,Sandy,Cotton,696.5353349611818,32.82852387186938,TRUE,FALSE,Sunny,88,5.470746956697236
East,Clay,Barley,199.7848962359184,23.657756549342285,FALSE,FALSE,Sunny,141,1.8115695907049219
East,Silt,Rice,471.9912635152196,15.633880382253718,FALSE,TRUE,Sunny,93,4.583574804398471
North,Sandy,Barley,120.0676990195505,35.14565762322205,TRUE,FALSE,Sunny,97,2.395456127489161
South,Loam,Soybean,283.22239614627244,35.56953662,TRUE,TRUE,Rainy,123,3.9463857662011925
South,Chalky,Soybean,202.15944987662525,17.99240792020639,FALSE,FALSE,Rainy,143,1.4042555880485381
North,Chalky,Wheat,606.3232294123021,21.53300067956923,FALSE,FALSE,Cloudy,77,3.294209452265002
South,Loam,Maize,307.70677272214266,34.31677393110064,TRUE,FALSE,Sunny,130,3.546996097081628
North,Peaty,Rice,938.8639975256671,21.410420820147152,TRUE,FALSE,Cloudy,79,6.137758707285411
East,Silt,Maize,701.6374755812499,22.91265508505014,FALSE,FALSE,Cloudy,104,3.5958420687732846
East,Peaty,Rice,745.3944476427167,32.87995604518787,TRUE,TRUE,Sunny,111,7.229097927675973
West,Peaty,Wheat,135.7628780186071,21.54430510583754,FALSE,TRUE,Rainy,87,1.6465620912844123
North,Chalky,Barley,322.1906568145199,28.993212774801652,FALSE,FALSE,Cloudy,95,1.8484517317802562
East,Clay,Cotton,569.2961349,34.97324736,TRUE,TRUE,Sunny,73,6.695671683392172
East,Loam,Wheat,541.1505217206258,39.92691312,TRUE,FALSE,Cloudy,68,4.509037684117379
North,Sandy,Wheat,514.7855407445602,35.62100342353601,TRUE,FALSE,Rainy,71,5.259987843435925
East,Sandy,Cotton,809.9944224302735,22.369809463188087,TRUE,TRUE,Cloudy,99,6.9359000820312104
South,Sandy,Barley,365.5517483029339,26.382181295315355,FALSE,FALSE,Cloudy,111,2.1062577241456673
East,Chalky,Cotton,157.0901554305806,32.81176019920149,TRUE,TRUE,Sunny,78,3.8120994250196754
North,Chalky,Rice,760.2426017456637,35.26162633971169,TRUE,FALSE,Rainy,68,5.767918096300583
South,Silt,Wheat,705.8152311319924,24.151894653094573,TRUE,FALSE,Cloudy,62,5.464426776
South,Clay,Rice,632.0865101288679,29.135728732535625,TRUE,FALSE,Sunny,134,5.099990450055672
East,Silt,Barley,644.2868694029681,23.687560770795194,TRUE,TRUE,Sunny,80,5.8187587617211385
West,Clay,Rice,861.0177848,16.18748151773684,FALSE,FALSE,Sunny,113,4.912212142395529
South,Silt,Wheat,740.9936187044461,38.55072604,TRUE,TRUE,Sunny,110,7.244128354870221
North,Loam,Barley,468.4267040661261,17.019775488358153,FALSE,TRUE,Rainy,89,4.4909831544150105
West,Silt,Wheat,464.5982783927846,37.647404092184644,FALSE,FALSE,Cloudy,92,3.776438215708305
West,Sandy,Cotton,690.5943252948974,23.745718054543136,FALSE,TRUE,Cloudy,86,4.8355376466631315
South,Silt,Wheat,572.3531296435319,22.836484534502183,FALSE,TRUE,Sunny,140,4.592402075779631
East,Clay,Wheat,220.48100921530255,39.427825988341716,FALSE,TRUE,Sunny,98,3.1356607460490404
West,Peaty,Wheat,822.2162135895868,27.89324846028898,FALSE,FALSE,Sunny,99,4.007899142377545
East,Chalky,Rice,450.3948105,23.873364808014298,TRUE,FALSE,Cloudy,83,3.923571369315687
South,Chalky,Barley,329.2906265367933,28.09830843755509,FALSE,FALSE,Rainy,99,1.871937990501269
North,Clay,Rice,348.65773481137956,15.47502623282025,TRUE,TRUE,Cloudy,149,5.0046712985814406
West,Clay,Wheat,622.9178355260176,20.93042072201225,TRUE,TRUE,Rainy,98,6.799004713751401
North,Chalky,Wheat,604.9318061,17.477996441104107,TRUE,TRUE,Sunny,112,6.617191829
East,Silt,Barley,360.9638123713235,24.8416715,TRUE,FALSE,Sunny,99,4.681977544648954
East,Peaty,Barley,455.45138001214093,32.00634451539338,TRUE,FALSE,Sunny,121,4.883516396804998
North,Chalky,Rice,248.2225877231054,26.359232182563407,FALSE,FALSE,Rainy,72,1.6540254109020183
South,Silt,Cotton,481.1685959368398,17.144827741491312,FALSE,FALSE,Sunny,117,2.981164965532874
South,Chalky,Soybean,964.6087151639166,25.992480801864424,FALSE,TRUE,Rainy,105,6.410150536153806
West,Silt,Wheat,192.0376633673271,16.760399813650363,TRUE,FALSE,Cloudy,119,2.911309751174866
West,Peaty,Soybean,858.2304820908428,15.29960757750066,FALSE,FALSE,Rainy,70,4.9060022270864945
South,Clay,Barley,209.02148414324589,37.93100177865095,TRUE,TRUE,Cloudy,119,3.140345162207328
South,Clay,Barley,661.2294151503852,24.873790090306095,TRUE,TRUE,Cloudy,96,6.248272722
North,Loam,Maize,500.7696585743132,23.10546788889542,FALSE,FALSE,Sunny,82,2.5786019860397658
East,Peaty,Rice,219.59294839538592,38.50226842,FALSE,FALSE,Rainy,77,1.3770310064845426
East,Peaty,Wheat,676.4070143138632,15.345937322531539,FALSE,TRUE,Cloudy,68,5.660090484203872
West,Sandy,Maize,486.1691150465269,23.353390469102955,FALSE,TRUE,Cloudy,137,3.9347588948174894
South,Chalky,Wheat,406.75624964242076,22.67780150542403,TRUE,FALSE,Rainy,72,3.465751845740017
North,Sandy,Wheat,697.6550613671006,27.11215453336376,FALSE,FALSE,Rainy,145,3.396121449889499
West,Sandy,Barley,543.5263528099701,24.378226541786013,TRUE,TRUE,Rainy,83,6.225019315097622
North,Peaty,Rice,403.72272600368024,33.166415194909206,TRUE,FALSE,Sunny,122,4.127995898
South,Silt,Barley,959.7290550650116,16.288437574891518,TRUE,TRUE,Cloudy,101,6.9240709388984625
South,Loam,Wheat,437.36503520697966,19.690395206630125,TRUE,TRUE,Cloudy,120,5.231854844450982
South,Sandy,Rice,641.9221375577014,22.028637521428497,FALSE,TRUE,Rainy,78,4.487633393876938
East,Chalky,Wheat,693.3510056269117,25.833730077818622,TRUE,FALSE,Cloudy,85,5.4430588905164745
South,Silt,Barley,301.70957989020764,32.04349920134514,TRUE,TRUE,Rainy,126,4.977888570103163
West,Silt,Maize,989.8133974313059,36.88311288557807,TRUE,FALSE,Sunny,130,6.4976319290323525
East,Loam,Rice,210.79090974486263,18.474929108531985,FALSE,FALSE,Rainy,81,0.9644968388456491
North,Loam,Rice,194.66003916168592,27.173442801896634,FALSE,FALSE,Sunny,134,1.4612951946011503
West,Peaty,Wheat,819.2800637599707,20.150138564741752,FALSE,FALSE,Sunny,145,4.382379600768321
West,Peaty,Barley,530.5115951414798,15.573162709579297,TRUE,TRUE,Sunny,101,5.858981589333837
North,Chalky,Barley,114.77335405093562,15.252280488722647,TRUE,FALSE,Cloudy,115,2.618418661525106
East,Chalky,Cotton,248.19639060107673,31.59078387445918,TRUE,TRUE,Rainy,91,4.450241001217444
West,Peaty,Cotton,227.1159315228527,20.117092212451887,TRUE,FALSE,Cloudy,129,1.9656512588442268
West,Clay,Soybean,522.9326402,24.973067623091577,TRUE,FALSE,Sunny,92,5.002817062715666
West,Silt,Cotton,565.2792496650545,39.74556663,FALSE,TRUE,Rainy,104,4.476574903877749
East,Chalky,Barley,162.9571034436973,35.08525708646648,FALSE,TRUE,Rainy,102,2.3665215525990906
East,Silt,Rice,893.0295652283643,28.291381557706927,FALSE,TRUE,Cloudy,102,5.771682510793666
East,Clay,Soybean,571.2564553561169,32.804108346884135,TRUE,TRUE,Rainy,64,5.874917251601522
West,Peaty,Wheat,336.2728813872405,17.659696251435026,TRUE,TRUE,Sunny,64,5.653515120444487
South,Loam,Cotton,769.3632259,35.065343622053675,TRUE,FALSE,Sunny,65,6.292183617956118
North,Loam,Maize,574.4810212945326,37.47117985235803,FALSE,FALSE,Rainy,103,4.474664381
South,Loam,Cotton,914.3037957326036,16.134786267852732,FALSE,TRUE,Sunny,101,5.428737734605947
East,Clay,Soybean,378.3811134595583,15.635428466404445,TRUE,TRUE,Sunny,145,4.126946108435773
West,Peaty,Soybean,318.08076813748715,27.847557216497627,FALSE,FALSE,Cloudy,78,2.2168468050312415
West,Loam,Wheat,656.3449742294929,15.845269857317998,TRUE,TRUE,Cloudy,137,5.9138000035375615
South,Loam,Barley,129.58843820527645,18.36415744809741,TRUE,FALSE,Sunny,138,3.0659050770762457
South,Sandy,Cotton,377.27259066550704,29.78756351525389,TRUE,FALSE,Rainy,124,3.7105306119115107
North,Clay,Soybean,773.1694012211243,39.91140056,FALSE,FALSE,Rainy,109,4.301193366151003
West,Loam,Rice,483.19759874756915,37.42850047114861,FALSE,TRUE,Cloudy,62,4.551710608185688
South,Silt,Barley,414.5464215297694,26.23991325388621,FALSE,TRUE,Cloudy,85,4.088273061259885
North,Loam,Wheat,508.4674517033575,19.290362349095172,TRUE,FALSE,Sunny,135,4.539631066070808
East,Chalky,Soybean,849.1028276,30.990482150821272,FALSE,FALSE,Rainy,65,5.179824307127163
South,Peaty,Wheat,880.7353854621522,26.497460860614147,FALSE,TRUE,Cloudy,127,5.409927623531388
East,Peaty,Soybean,499.69816504242124,27.406813888728344,FALSE,TRUE,Sunny,94,4.593649005685005
North,Clay,Soybean,487.63321804815354,22.772145249672956,TRUE,TRUE,Rainy,111,4.887175251201778
East,Chalky,Rice,731.5972377562041,39.970175008726116,FALSE,TRUE,Cloudy,92,5.340329210707283
West,Peaty,Wheat,630.0422979867304,30.154549702036263,FALSE,FALSE,Cloudy,68,4.0110758459042355
West,Loam,Barley,848.4621083688801,32.35787281174231,TRUE,TRUE,Rainy,127,8.130641184890685
East,Sandy,Cotton,684.1878451354361,19.48805744844772,FALSE,TRUE,Rainy,108,5.204241774198227
West,Peaty,Maize,423.75838674950495,17.057787751736882,TRUE,FALSE,Sunny,111,3.6796531311512126
North,Silt,Rice,155.2423928051443,33.02373089642366,FALSE,FALSE,Cloudy,80,1.1534665013181522
West,Sandy,Wheat,488.27053032941507,24.179392921371452,FALSE,TRUE,Cloudy,119,3.8067296773334025
East,Loam,Rice,565.8492449563769,30.273694107839486,FALSE,FALSE,Sunny,85,3.312356657722039
East,Loam,Maize,244.0030648497731,24.360542507640513,TRUE,TRUE,Cloudy,78,4.915508874764452
East,Loam,Cotton,645.2592270438128,28.746215955002327,TRUE,FALSE,Sunny,84,4.977581124924519
South,Silt,Wheat,530.4431170816691,18.56302216367074,TRUE,TRUE,Sunny,72,5.673419448002567
East,Peaty,Maize,121.97626420268381,30.988571112821063,FALSE,TRUE,Sunny,71,2.4467990351282167
North,Loam,Maize,621.7257622068921,36.20241300007648,TRUE,TRUE,Cloudy,132,7.0678070041589764
West,Loam,Maize,966.0138615,30.05385797634982,TRUE,FALSE,Cloudy,111,7.5806816932727115
West,Sandy,Barley,476.3966596629528,21.14170632830353,TRUE,TRUE,Sunny,86,5.606568731920369
South,Sandy,Cotton,504.80826115057516,36.40571405279307,FALSE,TRUE,Sunny,128,5.857821955134115
South,Loam,Maize,851.9240416108483,35.14965244313626,TRUE,FALSE,Sunny,71,7.160285035240346
North,Chalky,Maize,214.7950395691585,26.84407004223826,TRUE,TRUE,Rainy,148,4.233849499340859
East,Loam,Cotton,242.56000957642954,17.002639660728903,TRUE,TRUE,Cloudy,73,3.6899145233589503
South,Sandy,Wheat,932.1538673432088,18.48591128526709,TRUE,FALSE,Cloudy,114,5.790843951950666
West,Loam,Maize,526.8832082224433,18.153203293321333,TRUE,FALSE,Rainy,75,5.441491498462684
South,Sandy,Soybean,272.7281677348468,19.392812851928593,FALSE,TRUE,Sunny,100,3.581324998015026
South,Silt,Barley,564.2585097507874,15.28192239525021,FALSE,TRUE,Rainy,80,4.408428494
East,Loam,Wheat,438.24135073956285,17.086464684032517,TRUE,FALSE,Rainy,127,4.257970242102333
South,Sandy,Soybean,825.1738481171348,29.936899290787245,TRUE,FALSE,Rainy,66,5.824273279674731
North,Sandy,Wheat,227.12204770307937,15.501892981909297,FALSE,TRUE,Cloudy,147,3.1225142858556114
West,Clay,Rice,872.6793346134646,36.60491642059627,TRUE,FALSE,Cloudy,98,6.959399188013591
East,Clay,Cotton,604.1156173727275,23.671233509377817,TRUE,TRUE,Rainy,97,5.887912532547675
West,Sandy,Barley,403.8751414841925,30.09646200067422,FALSE,FALSE,Cloudy,98,2.471973572
North,Peaty,Wheat,506.4708005720163,25.24436611445799,TRUE,TRUE,Sunny,136,6.325668881253662
North,Silt,Maize,568.8583930296331,36.18682484509979,FALSE,FALSE,Rainy,97,3.139982483316553
South,Silt,Rice,996.0745711388801,34.574117462059974,FALSE,FALSE,Sunny,132,6.049234569860685
South,Sandy,Maize,404.15537439529396,27.13554958890677,FALSE,TRUE,Cloudy,120,3.459212176641183
South,Peaty,Cotton,602.5272161063328,18.923498068941452,FALSE,FALSE,Cloudy,109,3.4343464160085677
West,Chalky,Cotton,314.3688290821291,23.331356103531395,TRUE,FALSE,Sunny,102,4.083645469965054
North,Clay,Rice,345.4469327449124,25.709718751033954,TRUE,FALSE,Sunny,146,3.7917774865389697
East,Clay,Cotton,907.7535670097635,26.19013468040354,FALSE,FALSE,Rainy,63,4.798483138387362
South,Loam,Maize,829.0459018,16.237617163940342,FALSE,FALSE,Cloudy,91,4.781813151
West,Silt,Wheat,683.6492237748495,16.75913045522186,FALSE,FALSE,Cloudy,72,4.075293908529954
South,Sandy,Cotton,191.6941583109907,38.00669179411854,FALSE,FALSE,Cloudy,87,0.9772871
North,Clay,Rice,752.0422898320867,39.54862564082928,FALSE,TRUE,Sunny,105,5.772749228372918
East,Silt,Cotton,316.31688541030655,15.564189761743252,TRUE,TRUE,Cloudy,68,4.277630061767756
North,Peaty,Barley,239.70036434368316,29.864461813962155,FALSE,TRUE,Rainy,143,3.389299380485965
West,Clay,Wheat,848.3189546361332,38.15850756544711,FALSE,FALSE,Sunny,74,4.2808841488090215
South,Silt,Soybean,703.6532828053307,24.470914597981253,FALSE,TRUE,Cloudy,62,5.226314978289388
North,Peaty,Wheat,157.3318883201923,19.514072788256456,TRUE,TRUE,Rainy,105,3.896911435488516
West,Loam,Barley,263.7595514178322,25.601806254779323,TRUE,TRUE,Cloudy,67,4.799731535375363
South,Chalky,Maize,288.05017208809045,19.275330121769716,FALSE,FALSE,Sunny,145,2.884620016253419
East,Silt,Cotton,451.2340053877363,26.103859639448622,TRUE,FALSE,Rainy,122,4.293408442211305
North,Clay,Maize,781.6153830373364,17.455928541985422,FALSE,TRUE,Rainy,67,6.114698663256304
South,Chalky,Rice,557.7250518715346,34.16797009195889,FALSE,TRUE,Cloudy,94,4.002784252294621
South,Loam,Wheat,319.74513502682714,25.19320486148976,TRUE,TRUE,Rainy,96,5.369530606346675
South,Sandy,Wheat,109.79902827303486,35.831642658076234,TRUE,TRUE,Rainy,103,3.361720371853178
South,Chalky,Wheat,445.2739392295632,23.659232621338756,TRUE,FALSE,Sunny,145,5.139312007494252
North,Sandy,Rice,682.3074859421457,18.08126046359503,TRUE,FALSE,Sunny,140,5.024610278302543
South,Loam,Cotton,519.8015725143555,19.951880523106432,TRUE,TRUE,Rainy,60,6.177546436909677
West,Silt,Maize,669.9683371584518,32.15528342110519,TRUE,TRUE,Rainy,102,6.393677075724755
North,Peaty,Cotton,525.6211870109896,32.17021802172773,FALSE,FALSE,Rainy,129,3.9742102303593083
South,Clay,Rice,592.7204879470535,34.86202098676496,FALSE,FALSE,Cloudy,116,3.7775876578765124
North,Chalky,Maize,307.2597245893879,33.84333346002202,TRUE,FALSE,Sunny,116,3.346326719321123
West,Loam,Maize,585.6388517225072,39.286851454652634,FALSE,FALSE,Cloudy,68,3.495612738337784
West,Peaty,Maize,908.4184258770874,16.93047974872362,FALSE,FALSE,Rainy,96,5.551744171416203
North,Loam,Wheat,666.6325085808681,26.65446947332776,TRUE,FALSE,Cloudy,60,5.361100718599213
South,Peaty,Rice,385.32732903353605,22.05602879481521,FALSE,FALSE,Cloudy,135,2.410691666942539
South,Chalky,Wheat,608.2487996868115,30.486636614586196,FALSE,FALSE,Cloudy,74,4.140922465278071
West,Silt,Barley,864.5811685036092,17.508030988907382,TRUE,FALSE,Sunny,81,6.401296239
South,Sandy,Barley,500.13401693217594,30.760236506704892,TRUE,TRUE,Cloudy,112,5.692325726
West,Silt,Wheat,654.3506765177617,23.97183436011059,FALSE,FALSE,Rainy,125,4.175733085455428
South,Peaty,Cotton,709.1712333560466,38.88575550131548,FALSE,TRUE,Rainy,116,5.300478460093346
West,Chalky,Wheat,900.6879301,27.261489149275967,FALSE,TRUE,Sunny,137,6.798436425302488
East,Silt,Maize,985.1579239313385,22.381281735532458,TRUE,TRUE,Rainy,64,9.136934793530333
South,Sandy,Cotton,175.62075081413218,39.17848960773664,FALSE,TRUE,Rainy,83,3.6257540254792913
South,Clay,Maize,157.5586007481395,23.926427874580323,FALSE,FALSE,Cloudy,128,1.393689154590815
South,Loam,Wheat,274.7397328734522,32.72510515766058,FALSE,FALSE,Rainy,120,2.1355249774344762
North,Peaty,Barley,442.3958111415253,20.288159729194888,FALSE,FALSE,Cloudy,126,2.551361338619528
South,Sandy,Maize,809.2927565007997,26.735735118942777,FALSE,TRUE,Cloudy,64,5.939574647630986
North,Peaty,Barley,240.74101522936263,21.930114260163236,TRUE,TRUE,Cloudy,135,4.712801368877378
North,Chalky,Maize,209.30884273061656,33.59637332666625,TRUE,TRUE,Rainy,121,3.6692884238964063
West,Chalky,Soybean,445.83732340634054,26.04487375428993,FALSE,TRUE,Cloudy,125,3.2618520782908433
North,Peaty,Maize,938.6679380401265,31.53507148810452,FALSE,TRUE,Rainy,119,5.933276122710486
North,Silt,Cotton,990.6953267912793,29.647340884313586,TRUE,FALSE,Sunny,128,7.6078212898130415
East,Loam,Barley,718.0375226408073,17.31017887017832,FALSE,FALSE,Cloudy,72,4.585017479607304
South,Chalky,Rice,344.3789390532963,22.31275469068184,TRUE,TRUE,Rainy,100,4.352986887806458
North,Chalky,Rice,518.9257360750537,29.67951271296335,FALSE,FALSE,Cloudy,73,2.1301047993530906
South,Chalky,Maize,216.1277582096876,15.837412327062683,FALSE,TRUE,Sunny,136,2.714910412688946
North,Sandy,Barley,642.0209478,27.00070828306308,TRUE,TRUE,Sunny,63,6.275483005655257
West,Clay,Rice,324.2780107638115,22.41893198221379,FALSE,TRUE,Cloudy,85,3.7996882498577818
East,Sandy,Maize,796.6866983793632,18.02703787517903,TRUE,TRUE,Rainy,75,6.470341411285823
North,Chalky,Soybean,179.13562350760338,16.034110123808226,FALSE,FALSE,Cloudy,103,0.9795276450970141
South,Silt,Cotton,601.2182063777027,35.70903298,TRUE,FALSE,Cloudy,103,4.801042979619399
West,Peaty,Wheat,842.0914085,18.394854333016696,TRUE,TRUE,Cloudy,122,6.7459460205206065
South,Clay,Rice,707.7666119769164,21.096772204677322,TRUE,FALSE,Cloudy,149,5.731677783380685
West,Silt,Rice,878.8217947951011,28.51719879057483,FALSE,TRUE,Sunny,87,5.600868219139907
East,Silt,Cotton,665.5288694572895,33.25851886069714,TRUE,TRUE,Sunny,140,6.659393924146615
West,Chalky,Rice,100.19756327749994,30.56460538598583,FALSE,TRUE,Sunny,68,2.059800122
South,Loam,Maize,245.0021466652848,35.428045388012876,TRUE,FALSE,Sunny,75,3.3632922917133254
South,Peaty,Cotton,143.29000899660238,25.42846946850896,TRUE,FALSE,Sunny,115,2.114807964057673
North,Loam,Rice,273.9685642730108,31.277032624119663,TRUE,TRUE,Rainy,89,5.057897284
West,Chalky,Cotton,648.4842499076772,35.93205654312841,TRUE,TRUE,Sunny,147,6.34805097
South,Peaty,Maize,161.01110651212983,21.13795650648817,TRUE,TRUE,Sunny,105,3.777026851083342
North,Loam,Maize,581.2655836482356,25.934040599068922,FALSE,FALSE,Cloudy,130,2.9242694358675663
East,Sandy,Maize,294.73384828935025,27.280153415951062,TRUE,TRUE,Sunny,121,5.059760892
South,Loam,Rice,954.2835154527597,24.698538680452266,TRUE,TRUE,Sunny,84,8.029286132177807
North,Chalky,Barley,599.0950872336798,31.02567064140445,FALSE,TRUE,Sunny,83,4.570294044589011
South,Clay,Rice,354.7752776231345,36.85618928999904,FALSE,TRUE,Sunny,102,3.9851241933374655
West,Loam,Rice,843.2969517247119,36.394158120578496,TRUE,TRUE,Rainy,137,7.581267452516582
North,Sandy,Soybean,815.1089011028253,32.65000904700054,FALSE,TRUE,Cloudy,136,6.375767080744691
West,Sandy,Soybean,660.8017939256016,15.795395105551137,FALSE,FALSE,Cloudy,81,4.222336793
East,Chalky,Barley,921.6397547205693,21.82119777,FALSE,TRUE,Cloudy,133,4.739119999272011
West,Sandy,Barley,648.5182009711406,27.060419906271946,TRUE,TRUE,Rainy,72,6.2197066043259985
North,Chalky,Barley,535.9030391485394,19.930000015252908,TRUE,FALSE,Cloudy,106,4.933081478985413
South,Loam,Wheat,376.66832575471835,30.563814299152583,FALSE,TRUE,Cloudy,89,3.1987954618938366
North,Peaty,Maize,999.6394443475208,22.964172937081184,TRUE,FALSE,Sunny,143,6.847600544627822
West,Loam,Barley,286.20425313582683,27.289662851692604,TRUE,FALSE,Rainy,93,2.909158799650462
West,Chalky,Soybean,115.04920805889388,32.276241457975225,TRUE,TRUE,Cloudy,121,2.9191780904279523
South,Peaty,Cotton,864.8453653125152,16.43453303104521,TRUE,FALSE,Cloudy,99,6.880112889630599
East,Chalky,Soybean,559.2849747775813,38.35571886401795,FALSE,TRUE,Sunny,128,4.648285438037297
North,Silt,Maize,427.56601020603966,31.704162447662814,TRUE,FALSE,Cloudy,88,3.9465751810188943
South,Sandy,Cotton,242.94788250272313,28.846019413354746,FALSE,FALSE,Sunny,145,1.5677333003728386
South,Silt,Barley,570.1151611859117,33.69727190289482,TRUE,FALSE,Cloudy,99,4.443392432419475
South,Silt,Rice,962.5717933039836,27.353037018341368,TRUE,TRUE,Rainy,113,7.099234410854247
North,Peaty,Soybean,846.0541464221425,21.138900919847003,FALSE,FALSE,Rainy,77,3.6213425818328218
North,Chalky,Maize,411.8440396759841,24.363312880735364,TRUE,FALSE,Cloudy,139,4.208900515590064
North,Silt,Barley,135.7539934971238,33.40731476780972,TRUE,FALSE,Cloudy,101,2.4368372143693304
East,Silt,Cotton,940.8663592964567,28.415743540783318,TRUE,TRUE,Cloudy,104,7.357152083076134
South,Loam,Soybean,958.8523005451167,36.70472795479077,TRUE,TRUE,Sunny,60,7.927390421184552
West,Peaty,Wheat,387.0908805068351,37.697682409811286,FALSE,FALSE,Rainy,144,2.4019744739145623
West,Chalky,Cotton,545.9161940809023,30.155713350241587,TRUE,FALSE,Sunny,68,4.903319383145779
South,Sandy,Soybean,812.0378791920488,22.37903247844514,FALSE,FALSE,Cloudy,88,4.7845011875212835
West,Chalky,Barley,920.3381848827836,26.103174041188453,TRUE,FALSE,Sunny,127,6.762458244914686
East,Loam,Barley,834.3687696068242,27.513593487322403,FALSE,FALSE,Rainy,75,4.780188624882403
East,Sandy,Wheat,123.06437598115593,22.939009219267913,TRUE,TRUE,Cloudy,66,4.543903503209194
North,Clay,Wheat,212.29941436081333,21.57365739736826,TRUE,FALSE,Rainy,148,2.563524142
North,Silt,Rice,138.0440348233926,33.799421530710774,TRUE,FALSE,Cloudy,80,2.4084430266928116
North,Loam,Soybean,436.73419834242975,31.891148337188326,FALSE,FALSE,Sunny,69,3.2428926124111004
North,Sandy,Wheat,443.1750388002495,27.07743739199929,FALSE,FALSE,Sunny,137,1.9923338744610635
North,Peaty,Soybean,207.55665003756886,37.39255376928554,FALSE,FALSE,Sunny,88,1.7064028978717136
West,Loam,Cotton,929.3425556970205,19.937926619641786,TRUE,FALSE,Cloudy,87,6.76322464
West,Peaty,Barley,366.76390025252675,27.913172507893456,TRUE,FALSE,Rainy,130,3.8711368521123792
North,Clay,Soybean,720.0984741287757,36.79745083890146,TRUE,TRUE,Cloudy,62,6.279592785703515
East,Peaty,Barley,829.0639139906109,24.10237565666756,TRUE,TRUE,Sunny,64,8.079614758
West,Clay,Maize,674.3141451,20.34360997142398,TRUE,FALSE,Cloudy,143,5.821316582566356
East,Silt,Rice,938.2425560776035,24.795228514711518,FALSE,TRUE,Rainy,127,6.653745024351955
East,Chalky,Rice,418.6770658059643,29.073661487593327,TRUE,FALSE,Sunny,142,4.480028072
South,Chalky,Rice,483.6914919190663,39.23262631227547,TRUE,FALSE,Cloudy,146,4.894318437850439
South,Clay,Barley,238.57812847636953,34.19474749470048,TRUE,FALSE,Sunny,126,3.767079727889432
North,Peaty,Maize,714.9012014009877,22.684638813491553,TRUE,FALSE,Rainy,108,5.699635065
East,Peaty,Maize,695.2472043313531,37.297631867553854,TRUE,TRUE,Sunny,146,7.293992443432605
West,Chalky,Maize,307.3308685722483,33.412117416248904,TRUE,TRUE,Cloudy,67,5.288322587612744
South,Silt,Cotton,288.8831409201946,27.949850204823324,FALSE,FALSE,Cloudy,98,1.5386829409319551
South,Peaty,Wheat,125.7865956153453,30.989898881382924,FALSE,TRUE,Rainy,86,2.173618594125918
East,Clay,Maize,716.8088529246835,32.60497642,FALSE,FALSE,Rainy,139,3.611643319497185
South,Loam,Rice,287.69066389154614,30.81733279641151,TRUE,FALSE,Rainy,120,3.4993218442875627
